asn,as_description,ipv4_addresses,ipv6_48s,keyword_province,mapped_province
137726,SINOPEC-NET China Petroleum & Chemical Corporation,0,268435456.00,,
23910,CNGI-CERNET2-AS-AP China Next Generation Internet CERNET2,0,265943365.00,,
4134,"CHINANET-BACKBONE No.31,Jin-rong Street",98686464,261030280.00,,
9808,"CHINAMOBILE-CN China Mobile Communications Group Co., Ltd.",17455104,246088497.00,,
133111,"CNT-NORTHCHINA CERNET New Technology Co., Ltd",25856,134741761.00,,
37963,"ALIBABA-CN-NET Hangzhou Alibaba Advertising Co.,Ltd.",9425920,67502062.00,ZJ,
38365,"BAIDU Beijing Baidu Netcom Science and Technology Co., Ltd.",342784,67174376.00,BJ,
4837,CHINA169-BACKBONE CHINA UNICOM China169 Backbone,57263872,26077869.00,,
23844,BJ-GUANGHUAN-AP Beijing Guanghuan Xinwang Digital,70144,16777214.00,BJ,
24445,"CMNET-V4HENAN-AS-AP Henan Mobile Communications Co.,Ltd",1939456,4522489.00,HA,
56040,CMNET-GUANGDONG-AP China Mobile communications corporation,828928,4276843.00,GD,
4812,CHINANET-SH-AP China Telecom Group,7873280,3173889.00,,
17816,CHINA169-GZ China Unicom IP network China169 Guangdong province,2656768,2739748.00,GD,
56041,CMNET-ZHEJIANG-AP China Mobile communications corporation,2996992,2559179.00,ZJ,
56042,CMNET-SHANXI-AP China Mobile communications corporation,537600,2360863.00,SX,
24400,"CMNET-V4SHANGHAI-AS-AP Shanghai Mobile Communications Co.,Ltd.",761856,2359602.00,SH,
56044,CMNET-AS-LIAONING China Mobile communications corporation,973056,2344707.00,LN,
56047,CMNET-HUNAN-AP China Mobile communications corporation,786176,2043419.00,HN,
132525,CMNET-HEILONGJIANG-CN HeiLongJiang Mobile Communication Company Limited,419840,1966620.00,HL,
219283,HAOHAO-ZHANG - Haohao Zhang,0,1836032.00,,
219208,QMQ-AS - MAOQUN QIU,0,1825024.00,,
56046,CMNET-JIANGSU-AP China Mobile communications corporation,3707136,1761883.00,JS,
4808,CHINA169-BJ China Unicom Beijing Province Network,7176192,1728278.00,BJ,
45102,"ALIBABA-CN-NET Alibaba US Technology Co., Ltd.",5524736,1589309.00,,
24547,CMNET-V4HEBEI-AS-AP Hebei Mobile Communication Company Limited,721664,1575176.00,HE,
17621,CNCGROUP-SH China Unicom Shanghai network,806144,1558773.00,SH,
134810,CMNET-JILIN-AS-AP China Mobile Group JiLin communications corporation,261376,1475104.00,JL,
7497,CSTNET-AS-AP Computer Network Information Center of Chinese Academy of Sciences CNIC-CAS,867840,1179648.00,,
59016,"HACN China Broadcast Henan Network Co., Ltd",18944,1114112.00,HA,
219207,CYY-AS - YIYUAN CHEN,0,1088272.00,,
24363,CNGI-JNN-IX-AS-AP CERNET2 IX at Shandong University,0,1048577.00,SD,
218867,SYZ-AS - Sun Youzhi,0,1048576.00,,
56048,CMNET-BEIJING-AP China Mobile Communicaitons Corporation,1637888,989480.00,BJ,
140061,CHINANET-QINGHAI-AS-AP Qinghai Telecom,482048,962830.00,QH,
24444,CMNET-V4SHANDONG-AS-AP Shandong Mobile Communication Company Limited,1867520,914945.00,SD,
56045,CMNET-JIANGXI-AP China Mobile communications corporation,1968384,856149.00,JX,
38019,CMNET-V4TIANJIN-AS-AP tianjin Mobile Communication Company Limited,296448,666657.00,TJ,
152920,ZHAOCHENGLIN-AS-AP Zhao Chenglin,2304,589826.00,,
152697,HUIFA-AS-AP Nanning Huifa Technology Co Ltd,0,524290.00,GX,
24353,CNGI-XA-IX-AS-AP CERNET2 IX at Xian Jiaotong University,65536,458847.00,SN,
138371,CNGI-QDA-IX-AS-AP CERNET2 regional IX at Ocean University of China,0,458780.00,,
17638,CHINATELECOM-TJ-AS-AP ASN for TIANJIN Provincial Net of CT,602112,385289.00,TJ,
17429,BGCTVNET BEIJING GEHUA CATV NETWORK CO.LTD,999680,352512.00,BJ,
23724,"CHINANET-IDC-BJ-AP IDC, China Telecommunications Corporation",1884672,339789.00,,
24360,CNGI-ZHZ-IX-AS-AP CERNET2 IX at Zhengzhou University,0,327884.00,HA,
24361,CNGI-NJ-IX-AS-AP CERNET2 IX at Southeast University,65536,327869.00,,
42962,CLE-COMM CLE CORELINK COMM,0,262147.00,,
55990,HWCSNET Huawei Cloud Service data center,1606144,247810.00,,
140726,UNICOM-HEFEI-MAN UNICOM AnHui province network,146432,235501.00,AH,
58542,"CHINATELECOM-TIANJIN Tianjij,300000",110336,205314.00,TJ,
134774,CHINANET-GUANGDONG-SHENZHEN-MAN CHINANET Guangdong province Shenzhen MAN network,213248,198000.00,GD,
140329,CHINATELECOM-FUJIAN-FUZHOU-5G-NETWORK CHINATELECOM Fujian province Fuzhou 5G network,1024,196738.00,FJ,
24355,CNGI-CD-IX-AS-AP CERNET2 IX at University of Electronic Science and Technology of China,0,196728.00,,
24352,CNGI-TJN-IX-AS-AP CERNET2 IX at Tianjin University,8192,196658.00,TJ,
24349,CNGI-BJ-IX3-AS-AP CERNET2 IX at Peking University,65280,196646.00,,
24348,CNGI-BJ-IX2-AS-AP CERNET2 IX at Tsinghua University,16384,196637.00,,
45062,NETEASE-NETWORK NetEase Building No.16 Ke Yun Road,172800,196608.00,,
63621,"NXBCTV-NET NINGXIA BROADCAST&TV NETWORK CO.,LTD",512,180224.00,NX,
38283,CHINANET-SCIDC-AS-AP CHINANET SiChuan Telecom Internet Data Center,241664,151832.00,SC,
4809,CHINATELECOM-CORE-WAN-CN2 China Telecom Next Generation Carrier Network,542208,150781.00,,
134420,CHINATELECOM-CHONGQING-IDC Chongqing Telecom,174848,142852.00,CQ,
140330,CHINATELECOM-FUJIAN-XIAMEN-5G-NETWORK CHINATELECOM Fujian province Xiamen 5G network,3328,139394.00,FJ,
137695,CHINATELECOM-XINJIANG-WULUMUQI-MAN CHINATELECOM Xinjiang Wulumuqi MAN network,67072,136500.00,XJ,
24372,CNGI-HRB-IX-AS-AP CERNET2 IX at Harbin Institute of Technology,0,131130.00,HL,
24369,CNGI-SY-IX-AS-AP CERNET2 IX at Northeast University,15360,131127.00,,
24350,CNGI-BJ-IX4-AS-AP CERNET2 IX at Beijing University of Posts and Telecommunications,0,131100.00,BJ,
9812,"CNNIC-CN-COLNET Oriental Cable Network Co., Ltd.",1785856,131072.00,,
24139,WASUHZ Huashu media&Network Limited,530432,131072.00,,
142691,AS142691-42 - China Education and Research Network (CERNET),0,131071.00,,
9425,FITI-AS-BKB2 Future Internet Technology Infrastructure FITI,0,131032.00,,
131285,CHINATELECOM-HUBEI-SHENGJI-5G-NETWORK CHINATELECOM Hubei province Shengji 5G network,131072,125260.00,HB,
134772,CHINANET-GUANGDONG-DONGGUAN-MAN CHINANET Guangdong province Dongguan MAN network,16384,98309.00,GD,
58593,"BLUECLOUD Shanghai Blue Cloud Technology Co.,Ltd",771072,98304.00,SH,
58543,CHINATELECOM-GUANGDONG-IDC Guangdong,34048,86023.00,GD,
134762,CHINANET-LIAONING-DALIAN-MAN CHINANET Liaoning province Dalian MAN network,195072,84227.00,LN,
58540,"CHINATELECOM-SHANDONG-JINAN-IDC Jinan,250000",84992,66560.00,SD,
136197,"CHINATELECOM-HEBEI-XIONGAN Xiongan, Hebei Province, P.R.China.",36864,66307.00,HE,
142438,KSMNW-AS-AP Kasumi Networks Inc,0,65825.00,,
4847,CNIX-AP China Networks Inter-Exchange,3542528,65801.00,,
24358,CNGI-WH-IX-AS-AP CERNET2 IX at Huazhong University of Science and Technology,0,65665.00,,
140553,CHINATELECOM-XINJIANG-SHENGJI-5G-NETWORK CHINATELECOM XINJIANG province Shengji 5G network,86016,65632.00,XJ,
24359,CNGI-CHS-IX-AS-AP CERNET2 IX at Central South University,0,65615.00,,
24371,CNGI-CHC-IX-AS-AP CERNET2 IX at Jilin University,65536,65601.00,JL,
138378,CNGI-KMN-IX-AS-AP CERNET2 regional IX at Yunnan University,0,65598.00,YN,
140485,CHINATELECOM-ZHEJIANG-HANGZHOU-5GC-NETWORK CHINATELECOM ZHEJIANG province HANGZHOU 5GC network,99328,65586.00,ZJ,
140486,CHINATELECOM-ZHEJIANG-JINHUA-5GC-NETWORK CHINATELECOM ZHEJIANG province JINHUA 5GC network,99328,65586.00,ZJ,
138375,CNGI-HHT-IX-AS-AP CERNET2 regional IX at Inner Mongolia University,0,65576.00,NM,
209300,TWD2-NET TWD2 Education and Research Network,256,65554.00,,
38255,FITI-AS-AP China Education and Research Network CERNET,2048,65553.00,,
152892,LIUJIARONG-AS-AP Liu Jiarong,0,65553.00,,
219289,ISVORO-NET - Jiang Songyang,768,65552.00,,
138377,CNGI-XNN-IX-AS-AP CERNET2 regional IX at Qinghai Normal University,0,65552.00,QH,
209650,ZHIYUAN-AS Zhiyuan Network,256,65540.00,,
139726,"GYC-AS-AP Guangdong Yunjie Communication Co., Ltd.",768,65537.00,GD,
142690,AS142690-41 - China Education and Research Network (CERNET),0,65537.00,,
45090,TENCENT-NET-AP Shenzhen Tencent Computer Systems Company Limited,6189824,65536.00,GD,
17962,TOPWAY-NET ShenZhen Topway Video Communication Co. Ltd,722944,65536.00,GD,
17968,DQTNET Daqing zhongji petroleum telecommunication construction limited cpmpany,438272,65536.00,,
24364,CNGI-SH-IX-AS-AP CERNET2 IX at Shanghai Jiaotong University,286208,65536.00,SH,
58834,GCABLENET Guangdong Cable Corporation Limited,155392,65536.00,GD,
133119,UNICOM-CN China Unicom IP network,153344,65536.00,,
133118,UNICOM-CN China Unicom IP network,66560,65536.00,,
18239,"CAPNET NO.11 Xi San Huan Zhong Road,Beijing",65536,65536.00,BJ,
137539,UNICOM-HARBIN-IDC China Unicom,65536,65536.00,HL,
24357,CNGI-GZ-IX-AS-AP CERNET2 IX at South China University of Technology,65280,65536.00,,
45061,"SIN Shanghai Information Network Co.,Ltd.",54272,65536.00,SH,
10212,CHINAENTERCOM China Enterprise ICT Solutions Limited,48640,65536.00,,
134542,UNICOM-GUIAN China Unicom IP network,33792,65536.00,,
7641,CHINABTN China Broadcasting TV Net,18944,65536.00,,
63590,HEBBTN Hebei Broadcasting&TV Network,16384,65536.00,HE,
131562,"HNCATV HUNAN CATV Network Group CO.,LTD.",16128,65536.00,HN,
38381,"TRAVELSKY west wing no.157,dongsi west street Dongcheng, Beijing, China",11520,65536.00,BJ,
63581,"GXRTVNET GUANGXI RADIO & TELEVISION INFORMATION NETWORK CO.,LTD.",10240,65536.00,GX,
139154,CEGN-SD Big Data Center Of Shandong Province,8704,65536.00,SD,
24424,"GOOGLECN Beijing Gu Xiang Information Technology Co.,Ltd.",8192,65536.00,BJ;SN,
146834,"XUNYOU SiChuan XunYou Network Technologe Limit, co",6656,65536.00,SC,
9807,GOVSTATS Data Management Centre National Bureau of Statistics of China,6144,65536.00,,
4859,CEISTNET-AS-AP The State Information Center of P.R.China,4096,65536.00,,
37942,"SACHNET 3rd Floor, Wenbo Building, No.A2 Gaoyuan Street",4096,65536.00,,
59029,"PEOPLENET People.Cn CO.,LTD",4096,65536.00,,
131506,"LJWL HEILONGJIANG RADIO & TV NETWORK CO.,LTD",3072,65536.00,HL,
146762,SHIXP NATIONALSHANGHAI NEW-TYPE INTERNET EXCHANGE POINT,2560,65536.00,SH,
63570,ERX-NASDA-ASN - ERX-NASDA-ASN,2048,65536.00,,
63620,"HUABOTECHNET ShenZhen HuaBo Technology Develop Co., Ltd.",2048,65536.00,GD,
136189,"OPERA-AS-AP Opera Software Technology Beijing Co., Ltd.",2048,65536.00,BJ,
131574,HIDDOS Beijing Haiyu Technology Co. Ltd..,1536,65536.00,BJ,
9405,TPS-CN-AS Test platform Service Center,1280,65536.00,,
137995,"SHUANGYU-AS-AP Shuangyu Communications Technology Co., Limited",1280,65536.00,,
56002,MCNNET BEIJING MARINE COMMUNICATION AND NAVIGATION CO.,1024,65536.00,BJ,
59012,SINOGRAIN China Grain Reserves Group LTD.Company,1024,65536.00,,
63629,"AUTOHOME Beijing Autohome imformation technology Co.,Ltd",1024,65536.00,BJ,
132019,"EARTHNET-AS Earth network technology Shanghai Co., Ltd",1024,65536.00,SH,
137715,GTJANET GTJA Securities,1024,65536.00,,
138029,"TTCL-CN Shen Zhen Hu Lian Xian Feng Technology Co., Limited",1024,65536.00,SN,
9818,IFLAB Internet Finance Laboratory,512,65536.00,,
23911,CNGI-BJIX-AS-AP China Next Generation Internet Beijing IX,512,65536.00,BJ,
63607,"ANHUIGUANGDIAN Anhui Radio and Television Information Network Co.,Ltd.",512,65536.00,AH,
135426,ZTECORPORATION-AS-AP ZTE Corporation,512,65536.00,,
136237,"SSCTC-AS-AP Shuangyu Communication Technology co.,Ltd.",512,65536.00,,
139090,WXEIMSC Wuxi Education Information Management Service Center,512,65536.00,JS,
139139,SYAUNET Shenyang Agricultural University,512,65536.00,LN,
139141,YUSYS-FINANCIAL-CLOUD Yusys Financial Cloud,512,65536.00,,
146782,UCASS University Of Chinese Academy Of Social Sciences,512,65536.00,,
151313,"TAIBAO-KEJI-NET Pacific Insurance Technology Co., Ltd",512,65536.00,,
154010,XWNTL-AS-AP Xian WeiShiJi Network Technology LTD,512,65536.00,SN,
138979,"GSSCCCL-AS-AP Guangzhou Shujie Suyuan Culture Communication Co., Ltd.",256,65536.00,GD,
154315,LEIDIANYUN-AS-AP Guangzhou Leidianyun Technology Co Ltd,256,65536.00,GD,
24362,CNGI-HEF-IX-AS-AP CERNET2 IX at University of Science and Technology of China,0,65536.00,,
24367,CNGI-HZH-IX-AS-AP CERNET2 IX at Zhejiang University,0,65536.00,ZJ,
38355,CNT ChongQing Broadcast & TV Broadband IP MAN,0,65536.00,CQ,
45576,CERNET2-TSINGHUA6-AS-AP Tsinghua University,0,65536.00,,
55641,"ONEWORLD-GROUP Changping District, Beijing",0,65536.00,BJ,
56004,SHERNET Information Center of Shanghai Municipal Education Commission,0,65536.00,SH,
59265,CT-CNGI China telecom ACAEURA China Next Generation Internet,0,65536.00,,
63539,"CLOUD-UNION Cloud Union HuBei Network Technology Co., Ltd",0,65536.00,HB,
131526,"XJGDNET XINJIANG BROADCAST NETWORK CO.,LTD",0,65536.00,XJ,
137721,"HENTE ANKANG HENTE TECHNOLOGY DEVELOPMENT CO.,LTD.",0,65536.00,,
138441,CNGI-WLQ-IX-AS-AP CERNET2 regional IX at Xinjiang University,0,65536.00,XJ,
139100,BMW-BRILLIANCE BMW Brilliance Automotive Ltd.,0,65536.00,,
139112,"QNET Shanghai Qnet Networking Technology Co.,Ltd",0,65536.00,SH,
139161,XJRCCB Xinjiang Rural Credit Union,0,65536.00,XJ,
142650,AS142650-1 - China Education and Research Network (CERNET),0,65536.00,,
142651,AS142651-2 - China Education and Research Network (CERNET),0,65536.00,,
142652,AS142652-3 - China Education and Research Network (CERNET),0,65536.00,,
142653,AS142653-4 - China Education and Research Network (CERNET),0,65536.00,,
142654,AS142654-5 - China Education and Research Network (CERNET),0,65536.00,,
142655,AS142655-6 - China Education and Research Network (CERNET),0,65536.00,,
142656,AS142656-7 - China Education and Research Network (CERNET),0,65536.00,,
142657,AS142657-8 - China Education and Research Network (CERNET),0,65536.00,,
142658,AS142658-9 - China Education and Research Network (CERNET),0,65536.00,,
142659,AS142659-10 - China Education and Research Network (CERNET),0,65536.00,,
142660,AS142660-11 - China Education and Research Network (CERNET),0,65536.00,,
142661,AS142661-12 - China Education and Research Network (CERNET),0,65536.00,,
142662,AS142662-13 - China Education and Research Network (CERNET),0,65536.00,,
142663,AS142663-14 - China Education and Research Network (CERNET),0,65536.00,,
142665,AS142665-16 - China Education and Research Network (CERNET),0,65536.00,,
142666,AS142666-17 - China Education and Research Network (CERNET),0,65536.00,,
142667,AS142667-18 - China Education and Research Network (CERNET),0,65536.00,,
142668,AS142668-19 - China Education and Research Network (CERNET),0,65536.00,,
142669,AS142669-20 - China Education and Research Network (CERNET),0,65536.00,,
142670,AS142670-21 - China Education and Research Network (CERNET),0,65536.00,,
142671,AS142671-22 - China Education and Research Network (CERNET),0,65536.00,,
142672,AS142672-23 - China Education and Research Network (CERNET),0,65536.00,,
142673,AS142673-24 - China Education and Research Network (CERNET),0,65536.00,,
142674,AS142674-25 - China Education and Research Network (CERNET),0,65536.00,,
142675,AS142675-26 - China Education and Research Network (CERNET),0,65536.00,,
142676,AS142676-27 - China Education and Research Network (CERNET),0,65536.00,,
142677,AS142677-28 - China Education and Research Network (CERNET),0,65536.00,,
142678,AS142678-29 - China Education and Research Network (CERNET),0,65536.00,,
142679,AS142679-30 - China Education and Research Network (CERNET),0,65536.00,,
142680,AS142680-31 - China Education and Research Network (CERNET),0,65536.00,,
142681,AS142681-32 - China Education and Research Network (CERNET),0,65536.00,,
142682,AS142682-33 - China Education and Research Network (CERNET),0,65536.00,,
142683,AS142683-34 - China Education and Research Network (CERNET),0,65536.00,,
142684,AS142684-35 - China Education and Research Network (CERNET),0,65536.00,,
142685,AS142685-36 - China Education and Research Network (CERNET),0,65536.00,,
142686,AS142686-37 - China Education and Research Network (CERNET),0,65536.00,,
142687,AS142687-38 - China Education and Research Network (CERNET),0,65536.00,,
142688,AS142688-39 - China Education and Research Network (CERNET),0,65536.00,,
142692,AS142692-43 - China Education and Research Network (CERNET),0,65536.00,,
142693,AS142693-44 - China Education and Research Network (CERNET),0,65536.00,,
142694,AS142694-45 - China Education and Research Network (CERNET),0,65536.00,,
142695,AS142695-46 - China Education and Research Network (CERNET),0,65536.00,,
142696,AS142696-47 - China Education and Research Network (CERNET),0,65536.00,,
142697,AS142697-48 - China Education and Research Network (CERNET),0,65536.00,,
142698,AS142698-49 - China Education and Research Network (CERNET),0,65536.00,,
142699,AS142699-50 - China Education and Research Network (CERNET),0,65536.00,,
142700,AS142700-51 - China Education and Research Network (CERNET),0,65536.00,,
142701,AS142701-52 - China Education and Research Network (CERNET),0,65536.00,,
142702,AS142702-53 - China Education and Research Network (CERNET),0,65536.00,,
142703,AS142703-54 - China Education and Research Network (CERNET),0,65536.00,,
142704,AS142704-55 - China Education and Research Network (CERNET),0,65536.00,,
142705,AS142705-56 - China Education and Research Network (CERNET),0,65536.00,,
142706,AS142706-57 - China Education and Research Network (CERNET),0,65536.00,,
142707,AS142707-58 - China Education and Research Network (CERNET),0,65536.00,,
142708,AS142708-59 - China Education and Research Network (CERNET),0,65536.00,,
142709,AS142709-60 - China Education and Research Network (CERNET),0,65536.00,,
142710,AS142710-61 - China Education and Research Network (CERNET),0,65536.00,,
142711,AS142711-62 - China Education and Research Network (CERNET),0,65536.00,,
142712,AS142712-63 - China Education and Research Network (CERNET),0,65536.00,,
142713,AS142713-64 - China Education and Research Network (CERNET),0,65536.00,,
142714,AS142714-65 - China Education and Research Network (CERNET),0,65536.00,,
142715,AS142715-66 - China Education and Research Network (CERNET),0,65536.00,,
142716,AS142716-67 - China Education and Research Network (CERNET),0,65536.00,,
142717,AS142717-68 - China Education and Research Network (CERNET),0,65536.00,,
142718,AS142718-69 - China Education and Research Network (CERNET),0,65536.00,,
142719,AS142719-70 - China Education and Research Network (CERNET),0,65536.00,,
142720,AS142720-71 - China Education and Research Network (CERNET),0,65536.00,,
142721,AS142721-72 - China Education and Research Network (CERNET),0,65536.00,,
142722,AS142722-73 - China Education and Research Network (CERNET),0,65536.00,,
142723,AS142723-74 - China Education and Research Network (CERNET),0,65536.00,,
142724,AS142724-75 - China Education and Research Network (CERNET),0,65536.00,,
142725,AS142725-76 - China Education and Research Network (CERNET),0,65536.00,,
142726,AS142726-77 - China Education and Research Network (CERNET),0,65536.00,,
142727,AS142727-78 - China Education and Research Network (CERNET),0,65536.00,,
142728,AS142728-79 - China Education and Research Network (CERNET),0,65536.00,,
142729,AS142729-80 - China Education and Research Network (CERNET),0,65536.00,,
142730,AS142730-81 - China Education and Research Network (CERNET),0,65536.00,,
142731,AS142731-82 - China Education and Research Network (CERNET),0,65536.00,,
142732,AS142732-83 - China Education and Research Network (CERNET),0,65536.00,,
142733,AS142733-84 - China Education and Research Network (CERNET),0,65536.00,,
142734,AS142734-85 - China Education and Research Network (CERNET),0,65536.00,,
142735,AS142735-86 - China Education and Research Network (CERNET),0,65536.00,,
142736,AS142736-87 - China Education and Research Network (CERNET),0,65536.00,,
142737,AS142737-88 - China Education and Research Network (CERNET),0,65536.00,,
142738,AS142738-89 - China Education and Research Network (CERNET),0,65536.00,,
142739,AS142739-90 - China Education and Research Network (CERNET),0,65536.00,,
142740,AS142740-91 - China Education and Research Network (CERNET),0,65536.00,,
142741,AS142741-92 - China Education and Research Network (CERNET),0,65536.00,,
142742,AS142742-93 - China Education and Research Network (CERNET),0,65536.00,,
142743,AS142743-94 - China Education and Research Network (CERNET),0,65536.00,,
142744,AS142744-95 - China Education and Research Network (CERNET),0,65536.00,,
142745,AS142745-96 - China Education and Research Network (CERNET),0,65536.00,,
142746,AS142746-97 - China Education and Research Network (CERNET),0,65536.00,,
142747,AS142747-98 - China Education and Research Network (CERNET),0,65536.00,,
142748,AS142748-99 - China Education and Research Network (CERNET),0,65536.00,,
142749,AS142749-100 - China Education and Research Network (CERNET),0,65536.00,,
142750,AS142750-101 - China Education and Research Network (CERNET),0,65536.00,,
142751,AS142751-102 - China Education and Research Network (CERNET),0,65536.00,,
142752,AS142752-103 - China Education and Research Network (CERNET),0,65536.00,,
142753,AS142753-104 - China Education and Research Network (CERNET),0,65536.00,,
142754,AS142754-105 - China Education and Research Network (CERNET),0,65536.00,,
142755,AS142755-106 - China Education and Research Network (CERNET),0,65536.00,,
142756,AS142756-107 - China Education and Research Network (CERNET),0,65536.00,,
142757,AS142757-108 - China Education and Research Network (CERNET),0,65536.00,,
142758,AS142758-109 - China Education and Research Network (CERNET),0,65536.00,,
142759,AS142759-110 - China Education and Research Network (CERNET),0,65536.00,,
142760,AS142760-111 - China Education and Research Network (CERNET),0,65536.00,,
142761,AS142761-112 - China Education and Research Network (CERNET),0,65536.00,,
142762,AS142762-113 - China Education and Research Network (CERNET),0,65536.00,,
142763,AS142763-114 - China Education and Research Network (CERNET),0,65536.00,,
142764,AS142764-115 - China Education and Research Network (CERNET),0,65536.00,,
142765,AS142765-116 - China Education and Research Network (CERNET),0,65536.00,,
142766,AS142766-117 - China Education and Research Network (CERNET),0,65536.00,,
142767,AS142767-118 - China Education and Research Network (CERNET),0,65536.00,,
142768,AS142768-119 - China Education and Research Network (CERNET),0,65536.00,,
142769,AS142769-120 - China Education and Research Network (CERNET),0,65536.00,,
142770,AS142770-121 - China Education and Research Network (CERNET),0,65536.00,,
142771,AS142771-122 - China Education and Research Network (CERNET),0,65536.00,,
142772,AS142772-123 - China Education and Research Network (CERNET),0,65536.00,,
142773,AS142773-124 - China Education and Research Network (CERNET),0,65536.00,,
142774,AS142774-125 - China Education and Research Network (CERNET),0,65536.00,,
142775,AS142775-126 - China Education and Research Network (CERNET),0,65536.00,,
142776,AS142776-127 - China Education and Research Network (CERNET),0,65536.00,,
142777,AS142777-128 - China Education and Research Network (CERNET),0,65536.00,,
143674,AS143674-1 - China Education and Research Network (CERNET),0,65536.00,,
143675,AS143675-2 - China Education and Research Network (CERNET),0,65536.00,,
143676,AS143676-3 - China Education and Research Network (CERNET),0,65536.00,,
143677,AS143677-4 - China Education and Research Network (CERNET),0,65536.00,,
143678,AS143678-5 - China Education and Research Network (CERNET),0,65536.00,,
143679,AS143679-6 - China Education and Research Network (CERNET),0,65536.00,,
143680,AS143680-7 - China Education and Research Network (CERNET),0,65536.00,,
143681,AS143681-8 - China Education and Research Network (CERNET),0,65536.00,,
143682,AS143682-9 - China Education and Research Network (CERNET),0,65536.00,,
143683,AS143683-10 - China Education and Research Network (CERNET),0,65536.00,,
143684,AS143684-11 - China Education and Research Network (CERNET),0,65536.00,,
143685,AS143685-12 - China Education and Research Network (CERNET),0,65536.00,,
143686,AS143686-13 - China Education and Research Network (CERNET),0,65536.00,,
143687,AS143687-14 - China Education and Research Network (CERNET),0,65536.00,,
143688,AS143688-15 - China Education and Research Network (CERNET),0,65536.00,,
143689,AS143689-16 - China Education and Research Network (CERNET),0,65536.00,,
143690,AS143690-17 - China Education and Research Network (CERNET),0,65536.00,,
143691,AS143691-18 - China Education and Research Network (CERNET),0,65536.00,,
143692,AS143692-19 - China Education and Research Network (CERNET),0,65536.00,,
143693,AS143693-20 - China Education and Research Network (CERNET),0,65536.00,,
143694,AS143694-21 - China Education and Research Network (CERNET),0,65536.00,,
143695,AS143695-22 - China Education and Research Network (CERNET),0,65536.00,,
143696,AS143696-23 - China Education and Research Network (CERNET),0,65536.00,,
143697,AS143697-24 - China Education and Research Network (CERNET),0,65536.00,,
143698,AS143698-25 - China Education and Research Network (CERNET),0,65536.00,,
143699,AS143699-26 - China Education and Research Network (CERNET),0,65536.00,,
143700,AS143700-27 - China Education and Research Network (CERNET),0,65536.00,,
143701,AS143701-28 - China Education and Research Network (CERNET),0,65536.00,,
143702,AS143702-29 - China Education and Research Network (CERNET),0,65536.00,,
143703,AS143703-30 - China Education and Research Network (CERNET),0,65536.00,,
143704,AS143704-31 - China Education and Research Network (CERNET),0,65536.00,,
143705,AS143705-32 - China Education and Research Network (CERNET),0,65536.00,,
143706,AS143706-33 - China Education and Research Network (CERNET),0,65536.00,,
143707,AS143707-34 - China Education and Research Network (CERNET),0,65536.00,,
143708,AS143708-35 - China Education and Research Network (CERNET),0,65536.00,,
143709,AS143709-36 - China Education and Research Network (CERNET),0,65536.00,,
143710,AS143710-37 - China Education and Research Network (CERNET),0,65536.00,,
143711,AS143711-38 - China Education and Research Network (CERNET),0,65536.00,,
143712,AS143712-39 - China Education and Research Network (CERNET),0,65536.00,,
143713,AS143713-40 - China Education and Research Network (CERNET),0,65536.00,,
143714,AS143714-41 - China Education and Research Network (CERNET),0,65536.00,,
143715,AS143715-42 - China Education and Research Network (CERNET),0,65536.00,,
143716,AS143716-43 - China Education and Research Network (CERNET),0,65536.00,,
143717,AS143717-44 - China Education and Research Network (CERNET),0,65536.00,,
143718,AS143718-45 - China Education and Research Network (CERNET),0,65536.00,,
143719,AS143719-46 - China Education and Research Network (CERNET),0,65536.00,,
143720,AS143720-47 - China Education and Research Network (CERNET),0,65536.00,,
143721,AS143721-48 - China Education and Research Network (CERNET),0,65536.00,,
143722,AS143722-49 - China Education and Research Network (CERNET),0,65536.00,,
143723,AS143723-50 - China Education and Research Network (CERNET),0,65536.00,,
143724,AS143724-51 - China Education and Research Network (CERNET),0,65536.00,,
143725,AS143725-52 - China Education and Research Network (CERNET),0,65536.00,,
143726,AS143726-53 - China Education and Research Network (CERNET),0,65536.00,,
143727,AS143727-54 - China Education and Research Network (CERNET),0,65536.00,,
143728,AS143728-55 - China Education and Research Network (CERNET),0,65536.00,,
143729,AS143729-56 - China Education and Research Network (CERNET),0,65536.00,,
143730,AS143730-57 - China Education and Research Network (CERNET),0,65536.00,,
143731,AS143731-58 - China Education and Research Network (CERNET),0,65536.00,,
143732,AS143732-59 - China Education and Research Network (CERNET),0,65536.00,,
143733,AS143733-60 - China Education and Research Network (CERNET),0,65536.00,,
143734,AS143734-61 - China Education and Research Network (CERNET),0,65536.00,,
143735,AS143735-62 - China Education and Research Network (CERNET),0,65536.00,,
143736,AS143736-63 - China Education and Research Network (CERNET),0,65536.00,,
143737,AS143737-64 - China Education and Research Network (CERNET),0,65536.00,,
143738,AS143738-65 - China Education and Research Network (CERNET),0,65536.00,,
143739,AS143739-66 - China Education and Research Network (CERNET),0,65536.00,,
143740,AS143740-67 - China Education and Research Network (CERNET),0,65536.00,,
143741,AS143741-68 - China Education and Research Network (CERNET),0,65536.00,,
143742,AS143742-69 - China Education and Research Network (CERNET),0,65536.00,,
143743,AS143743-70 - China Education and Research Network (CERNET),0,65536.00,,
143744,AS143744-71 - China Education and Research Network (CERNET),0,65536.00,,
143745,AS143745-72 - China Education and Research Network (CERNET),0,65536.00,,
143746,AS143746-73 - China Education and Research Network (CERNET),0,65536.00,,
143747,AS143747-74 - China Education and Research Network (CERNET),0,65536.00,,
143748,AS143748-75 - China Education and Research Network (CERNET),0,65536.00,,
143749,AS143749-76 - China Education and Research Network (CERNET),0,65536.00,,
143750,AS143750-77 - China Education and Research Network (CERNET),0,65536.00,,
143751,AS143751-78 - China Education and Research Network (CERNET),0,65536.00,,
143752,AS143752-79 - China Education and Research Network (CERNET),0,65536.00,,
143753,AS143753-80 - China Education and Research Network (CERNET),0,65536.00,,
143754,AS143754-81 - China Education and Research Network (CERNET),0,65536.00,,
143755,AS143755-82 - China Education and Research Network (CERNET),0,65536.00,,
143756,AS143756-83 - China Education and Research Network (CERNET),0,65536.00,,
143757,AS143757-84 - China Education and Research Network (CERNET),0,65536.00,,
143758,AS143758-85 - China Education and Research Network (CERNET),0,65536.00,,
143759,AS143759-86 - China Education and Research Network (CERNET),0,65536.00,,
143760,AS143760-87 - China Education and Research Network (CERNET),0,65536.00,,
143761,AS143761-88 - China Education and Research Network (CERNET),0,65536.00,,
143762,AS143762-89 - China Education and Research Network (CERNET),0,65536.00,,
143763,AS143763-90 - China Education and Research Network (CERNET),0,65536.00,,
143764,AS143764-91 - China Education and Research Network (CERNET),0,65536.00,,
143765,AS143765-92 - China Education and Research Network (CERNET),0,65536.00,,
143766,AS143766-93 - China Education and Research Network (CERNET),0,65536.00,,
143767,AS143767-94 - China Education and Research Network (CERNET),0,65536.00,,
143768,AS143768-95 - China Education and Research Network (CERNET),0,65536.00,,
143769,AS143769-96 - China Education and Research Network (CERNET),0,65536.00,,
143770,AS143770-97 - China Education and Research Network (CERNET),0,65536.00,,
143771,AS143771-98 - China Education and Research Network (CERNET),0,65536.00,,
143772,AS143772-99 - China Education and Research Network (CERNET),0,65536.00,,
143773,AS143773-100 - China Education and Research Network (CERNET),0,65536.00,,
143774,AS143774-101 - China Education and Research Network (CERNET),0,65536.00,,
143775,AS143775-102 - China Education and Research Network (CERNET),0,65536.00,,
143776,AS143776-103 - China Education and Research Network (CERNET),0,65536.00,,
143777,AS143777-104 - China Education and Research Network (CERNET),0,65536.00,,
143778,AS143778-105 - China Education and Research Network (CERNET),0,65536.00,,
143779,AS143779-106 - China Education and Research Network (CERNET),0,65536.00,,
143780,AS143780-107 - China Education and Research Network (CERNET),0,65536.00,,
143781,AS143781-108 - China Education and Research Network (CERNET),0,65536.00,,
143782,AS143782-109 - China Education and Research Network (CERNET),0,65536.00,,
143783,AS143783-110 - China Education and Research Network (CERNET),0,65536.00,,
143784,AS143784-111 - China Education and Research Network (CERNET),0,65536.00,,
143785,AS143785-112 - China Education and Research Network (CERNET),0,65536.00,,
143786,AS143786-113 - China Education and Research Network (CERNET),0,65536.00,,
143787,AS143787-114 - China Education and Research Network (CERNET),0,65536.00,,
143788,AS143788-115 - China Education and Research Network (CERNET),0,65536.00,,
143789,AS143789-116 - China Education and Research Network (CERNET),0,65536.00,,
143790,AS143790-117 - China Education and Research Network (CERNET),0,65536.00,,
143791,AS143791-118 - China Education and Research Network (CERNET),0,65536.00,,
143792,AS143792-119 - China Education and Research Network (CERNET),0,65536.00,,
143793,AS143793-120 - China Education and Research Network (CERNET),0,65536.00,,
143794,AS143794-121 - China Education and Research Network (CERNET),0,65536.00,,
143795,AS143795-122 - China Education and Research Network (CERNET),0,65536.00,,
143796,AS143796-123 - China Education and Research Network (CERNET),0,65536.00,,
143797,AS143797-124 - China Education and Research Network (CERNET),0,65536.00,,
143798,AS143798-125 - China Education and Research Network (CERNET),0,65536.00,,
143799,AS143799-126 - China Education and Research Network (CERNET),0,65536.00,,
143800,AS143800-127 - China Education and Research Network (CERNET),0,65536.00,,
143801,AS143801-128 - China Education and Research Network (CERNET),0,65536.00,,
213582,AIFUNS,0,65536.00,,
214759,LG-PLUS,0,65536.00,,
23853,"CNNIC-DSNET-AP Shanghai Data Solution Co., Ltd.",20224,65535.00,SH,
17428,"CHINA-ABITCOOL 21Vianet.Co.,Ltd",10496,65532.00,,
24151,CNNIC-CRITICAL-AP China Internet Network Infomation Center,11520,65521.00,,
59019,"BJKSCNET Beijing Kingsoft Cloud Internet Technology Co., Ltd",56576,65519.00,BJ,
24144,"LSHIY-AS-AP Wuhan LSHIY Network Technology Co., Ltd.",0,65503.00,HB,
38272,FITI-AS-BKB China Education and Research Network CERNET,0,65497.00,,
59078,YUNIFY-NET Yunify Technologies Inc.,62208,64512.00,,
214040,WEN-NET,0,53280.00,,
134419,CHINATELECOM-GUANGXI-BEIHAI-MAN Beihai,112384,47879.00,GX,
17622,CNCGROUP-GZ China Unicom Guangzhou network,498688,47404.00,GD,
58563,CHINATELECOM-HUBEI-IDC CHINANET Hubei province network,157184,43026.00,HB,
137698,"CHINATELECOM-HEILONGJIANG-HANAN-IDC HaerbingHeilongjiang Province, P.R.China.",40960,33795.00,HL,
136190,"CHINATELECOM-ZHEJIANG-JINHUA-IDC JINHUA, ZHEJIANG Province, P.R.China.",123904,33025.00,ZJ,
133492,CLOUD-CN AIYUN,0,32800.00,,
24489,TEIN2-NORTH-AP Trans-Eurasia Information Network TEIN2 - North,2048,32768.00,,
24490,TEIN2-SG-AP Trans-Eurasia Information Network TEIN2 - SG,2048,32768.00,,
59074,"TAIKANG-INSURANCE-GROUP TAIKANG INSURANCE GROUP CO.,LTD.",1024,32768.00,,
23650,CHINANET-JIANGSU-PROVINCE-IDC AS Number for CHINANET jiangsu province backbone,68608,32609.00,JS,
9929,CUII CHINA UNICOM Industrial Internet Backbone,651264,28289.00,,
137691,"CHINATELECOM-HEILONGJIANG-IDC Heilongjiang Province, P.R.China.",512,27138.00,HL,
134771,"CHINATELECOM-ZHEJIANG-WENZHOU-IDC WENZHOU, ZHEJIANG Province, P.R.China.",71680,24577.00,ZJ,
133775,CHINATELECOM-FUJIAN-XIAMEN-IDC1 Xiamen,23552,24069.00,FJ,
58519,CHINATELECOM-CTCLOUD Cloud Computing Corporation,515584,22594.00,,
137694,CHINATELECOM-XINJIANG-KEZHOU-MAN CHINATELECOM Xinjiang Kezhou MAN network,95744,22528.00,XJ,
4811,CHINANET-SHANGHAI-MAN China Telecom Group,965888,20797.00,SH,
58772,CHINANET-FUJIAN-FUZHOU-IDC CHINANET Fujian province Fuzhou IDC network,20224,20734.00,FJ,
139887,CHINANET-YANTAI-IDC ChinaNet Shandong Yantai IDC network,6656,18688.00,SD,
133774,CHINATELECOM-FUJIAN-FUZHOU-IDC1 Fuzhou,183552,18442.00,FJ,
10206,CUZW-CN China Unicom Zhongwei Cloud,1536,18432.00,,
133776,CHINATELECOM-FUJIAN-QUANZHOU-IDC1 Quanzhou,45312,18177.00,FJ,
58466,CT-GUANGZHOU-IDC CHINANET Guangdong province network,188416,17749.00,GD,
17623,CNCGROUP-SZ China Unicom Shenzen network,456448,17119.00,,
132203,"TENCENT-NET-AP-CN Tencent Building, Kejizhongyi Avenue",2156287,16675.00,,
136188,"CHINATELECOM-ZHEJIANG-NINGBO-IDC NINGBO, ZHEJIANG Province, P.R.China.",106496,16385.00,ZJ,
136958,UNICOM-GUANGZHOU-IDC China Unicom Guangdong IP network,116736,16371.00,GD,
140292,CHINATELECOM-JIANGSU-SUZHOU-5G-NETWORK CHINATELECOM Jiangsu province Suzhou 5G network,1393408,16050.00,JS,
55960,BJ-GUANGHUAN-AP Beijing Guanghuan Xinwang Digital,439808,13377.00,BJ,
140345,CHINATELECOM-YUNNAN-SHENGJI-5G-NETWORK CHINATELECOM Yunnan province Shengji 5G network,62464,12868.00,YN,
63835,"CT-HUNAN-CHANGSHA-IDC No.293,Wanbao Avenue",152832,12810.00,HN,
4816,CHINANET-IDC-GD China Telecom Group,48128,12808.00,,
134763,CT-DONGGUAN-IDC CHINANET Guangdong province network,121600,12546.00,GD,
134764,CT-FOSHAN-IDC CHINANET Guangdong province network,27136,12546.00,GD,
134768,CHINANET-SHAANXI-CLOUD-BASE CHINANET SHAANXI province Cloud Base network,184576,12280.00,SN,
139007,UNICOM-NM-WULANCHABU-IDC UNICOM InnerMongolia province network,120064,11269.00,NM,
134543,UNICOM-DONGGUAN-IDC China Unicom Guangdong IP network,50432,10448.00,GD,
4835,CHINANET-IDC-SN China Telecom Group,205824,10245.00,,
58541,"CHINATELECOM-SHANDONG-QINGDAO-IDC Qingdao,266000",80896,10240.00,SD,
135629,WESTCLOUDDATA Ningxia West Cloud Data Technology Co.Ltd.,354816,9268.00,NX,
139201,CHINANET-JIANGXI-JIUJIANG-IDC Jiangxi Jiujiang IDC,30976,9220.00,JX,
136195,"CHINATELECOM-QINGDAO-CLOUDBASE Qingdao, Shandong Province, P.R.China.",50176,8469.00,SD,
63838,CT-HUNAN-HENGYANG-IDC Hengyang,50944,8451.00,HN,
17799,CHINATELECOM-LN-AS-AP asn for Liaoning Provincial Net of CT,213248,8449.00,LN,
132153,"CT-SHANXI-MAN-2 No.3,Shu-Ma Road",7424,8449.00,SX,
132147,"CT-SHANXI-MAN No.3,Shu-Ma Road",20736,8448.00,SX,
55967,"BAIDU Beijing Baidu Netcom Science and Technology Co., Ltd.",41472,8192.00,BJ,
154402,SHENZHEN6-AS-AP 91440300MACU5UQ19G,1536,8192.00,GD,
137693,"CHINATELECOM-GUANGXI-NANNING-IDC CHINATELECOM Guangxi Nanning IDC networkdescr: NanningGuangxi Province, P.R.China.",46080,7427.00,GX,
137702,"CHINATELECOM-JIANGSU-NANJING-IDC Nanjing, Jiangsu Province, P.R.China.",82432,7200.00,JS,
138169,ASEAN-INTERNATIONAL-INFORMATION-GARDEN-IDC China Telecom,55296,7171.00,,
17897,CHINATELECOM-HLJ-AS-AP asn for Heilongjiang Provincial Net of CT,151296,6660.00,HL,
134238,CT-JIANGXI-IDC CHINANET Jiangx province IDC network,83712,6647.00,JX,
137690,"CHINATELECOM-SHANDONG-ZAOZHUANG-IDC Zaozhuang,Shandong Province, P.R.China.",8192,6400.00,SD,
151823,CT-CENTRALSOUTH-CHINA-IIP China Telecom,32768,5376.00,,
10111,ZEONET-AS-AP Zeofast Network,5120,4898.00,,
138982,CHINANET-HUBEI-JIANGXIA-IDC Hubei Jiangxia IDC,18688,4865.00,JX;HB,
149178,CT-HEFEI-NANGANG-IDC China Telecom,16384,4626.00,AH,
134756,CHINANET-NANJING-JISHAN-IDC CHINANET Nanjing Jishan IDC network,114688,4619.00,JS,
139220,CHINANET-SICHUAN-CHUANXI-IDC Sichuan Chuanxn IDC,22528,4609.00,SC,
140716,UNICOM-JSWX-IDC UNICOM JiangSu WuXi IDC network,33280,4417.00,JS,
142404,CHINANET-AS-AP China Telecom,8192,4352.00,,
134770,CHINANET-JIANGSU-SUZHOU-TAIHU-IDC CHINANET Jiangsu province Suzhou taihu IDC network,13056,4144.00,JS,
140083,CHINANET-ANHUI-AS-AP China Telecom,13568,4112.00,AH,
140886,UNICOM-GX-IDC UNICOM Guangxi province network,6656,4112.00,GX,
214955,LAUNCHPAD-NETWORK,0,4099.00,,
140717,UNICOM-JSSZ-IDC UNICOM JiangSu Suzhou IDC network,20992,4097.00,JS,
17633,CHINATELECOM-SD-AS-AP ASN for Shandong Provincial Net of CT,8704,4096.00,SD,
136194,"CHINATELECOM-HUBEI-HUANGSHI-IDC Huangshi, Hubei Province, P.R.China.",5376,4096.00,HB,
140647,CHINATELECOM-GUIZHOU-SHENGJI-5G-NETWORK CHINATELECOM Guizhou province Shengji 5G network,102656,3683.00,GZ,
214660,JUNLINYIZHAN,0,3585.00,,
140636,CHINANET-IOT-BEIJING China Telecom,14848,3520.00,BJ,
134769,CHINANET-JIANGSU-CHANGZHOU-LIYANG-IDC ChinaNet Jiangsu Changzhou Liyang IDC network,9216,3348.00,JS;ZJ,
136191,"CHINATELECOM-HUBEI-YICHANG-IDC YICHANG, Hubei Province, P.R.China.",17664,3328.00,HB,
140638,CHINANET-IOT-SICHUAN China Telecom,14848,3296.00,SC,
137692,"CHINATELECOM-IOT-GUANGDONG-NETWORK IOT Guangdong network, Chinatelecom, P.R.China.",20992,3200.00,GD,
149837,CHINANET-JX-YUNHE-IDC China Telecom,16384,3076.00,,
136192,"CHINATELECOM-HUBEI-XIANGYANG-IDC Xiangyang, Hubei Province, P.R.China.",14336,3072.00,HB;SN,
137689,"CHINATELECOM-IOT-JIANGSU-NETWORK IOT Jiangsu network, Chinatelecom, P.R.China.",43264,3008.00,JS,
135061,UNICOM-SHENZHEN-IDC China Unicom Guangdong IP network,99584,2995.00,GD,
132225,CHINATELECOM-QINGHAI-5G-NETWORK China Telecom,20992,2880.00,QH,
137697,"CHINATELECOM-JIANGSU-YANGZHOU-IDC CHINATELECOM JiangSu YangZhou IDC networkdescr: YangZhouJiangsu Province, P.R.China.",68096,2563.00,JS,
209261,JQ-NETWORKS JQ Networks,0,2563.00,,
140293,CHINATELECOM-JIANGSU-CHANGZHOU-5G-NETWORK CHINATELECOM Jiangsu province Changzhou 5G network,431104,2517.00,JS;ZJ,
138950,CHINATELECOM-JIANGSU-WUXI-INTERNATIONAL-IDC Jiangsu Wuxi International IDC network,62720,2323.00,JS,
148969,CHINANET-JIANGXI-LINKONG-IDC China Telecom,8192,2306.00,JX,
151185,CT-XIANGYANG-IDC2 China Telecom,76800,1797.00,SN,
138991,CHINATELECOM-GUANGXI-LIUZHOU-IDC China Telecom,5632,1539.00,GX,
131325,CHINATELECOM-JIANGSU-NANTONG-MAN CHINATELECOM JIANGSU province NANTONG MAN network,19456,1299.00,JS,
150145,CHINANET-HUBEI-SANXIA-IDC China Telecom,8448,1280.00,HB,
153376,BRNET-AS-AP Jilin Province Brick Business Service Limited,256,1052.00,JL,
63646,"XJKJ Beijing Xiaoju Science and Technology Co., Ltd.",73728,1032.00,BJ,
205610,JAMESITS Jamesits Networks,512,1026.00,,
140328,CHINATELECOM-FUJIAN-SHENGJI-5G-NETWORK CHINATELECOM Fujian province Shengji 5G network,0,1024.00,FJ,
140331,CHINATELECOM-FUJIAN-NINGDE-5G-NETWORK CHINATELECOM Fujian province NINGDE 5G network,0,1024.00,FJ,
140332,CHINATELECOM-FUJIAN-PUTIAN-5G-NETWORK CHINATELECOM Fujian province Putian 5G network,0,1024.00,FJ,
140333,CHINATELECOM-FUJIAN-QUANZHOU-5G-NETWORK CHINATELECOM Fujian province Quanzhou 5G network,0,1024.00,FJ,
140334,CHINATELECOM-FUJIAN-ZHANGZHOU-5G-NETWORK CHINATELECOM Fujian province Zhangzhou 5G network,0,1024.00,ZJ;FJ,
140335,CHINATELECOM-FUJIAN-LONGYAN--5G-NETWORK CHINATELECOM Fujian province Longyan 5G network,0,1024.00,FJ,
140336,CHINATELECOM-FUJIAN-SANMING-5G-NETWORK CHINATELECOM Fujian province Sanming 5G network,0,1024.00,FJ,
140337,CHINATELECOM-FUJIAN-NANPING-5G-NETWORK CHINATELECOM Fujian province Nanping 5G network,0,1024.00,FJ,
209481,DENGHAOYU,0,1022.00,,
146966,CHINANET-YANGZHOUNORTH-IDC China Telecom,38400,826.00,,
140915,DFA-AS-AP Xiang Xuanchen,0,800.00,SN,
141679,CHINATELECOM-IDC-BTHBD-AP China Telecom Beijing Tianjin Hebei Big Data Industry Park Branch,115200,771.00,BJ;TJ;HE,
138538,NANBIAN-VPSORGLOBAL-AS VPSOR-GLOBAL,7424,768.00,,
137758,"ICBC-ASTRONET Industrial and Commercial Bank of China Limited,ICBC",256,768.00,,
137401,CHINATELECOM-HUBEI-HUANGSHI-5G-NETWORK CHINATELECOM Hubei province Huangshi 5G network,0,768.00,HB,
137402,CHINATELECOM-HUBEI-SHIYAN-5G-NETWORK CHINATELECOM Hubei province Shiyan 5G network,0,768.00,HB,
140528,CHINATELECOM-HUBEI-YICHANG-5G-NETWORK CHINATELECOM Hubei province Yichang 5G network,0,768.00,HB,
140529,CHINATELECOM-HUBEI-XIANGYANG-5G-NETWORK CHINATELECOM Hubei province Xiangyang 5G network,0,768.00,HB;SN,
140530,CHINATELECOM-HUBEI-EZHOU-5G-NETWORK CHINATELECOM Hubei province Ezhou 5G network,0,768.00,HB,
140531,CHINATELECOM-HUBEI-JINGMEN-5G-NETWORK CHINATELECOM Hubei province Jingmen 5G network,0,768.00,HB,
140532,CHINATELECOM-HUBEI-XIAOGAN-5G-NETWORK CHINATELECOM Hubei province Xiaogan 5G network,0,768.00,HB,
140533,CHINATELECOM-HUBEI-JINGZHOU-5G-NETWORK CHINATELECOM Hubei province Jingzhou 5G network,0,768.00,HB,
140534,CHINATELECOM-HUBEI-HUANGGANG-5G-NETWORK CHINATELECOM Hubei province Huanggang 5G network,0,768.00,HB,
140535,CHINATELECOM-HUBEI-XIANNING-5G-NETWORK CHINATELECOM Hubei province Xianning 5G network,0,768.00,HB;SN,
140536,CHINATELECOM-HUBEI-SUIZHOU-5G-NETWORK CHINATELECOM Hubei province Suizhou 5G network,0,768.00,HB,
140537,CHINATELECOM-HUBEI-ENSHI-5G-NETWORK CHINATELECOM Hubei province Enshi 5G network,0,768.00,HB,
140538,CHINATELECOM-HUBEI-XIANTAO-5G-NETWORK CHINATELECOM Hubei province Xiantao 5G network,0,768.00,HB;SN,
214203,HUIFA,0,768.00,,
134767,CHINANET-SICHUAN-CHENGDU-MAN CHINANET Sichuan province Chengdu MAN network,5376,665.00,SC,
63540,SD-CLOUD Shandong Cloud Comb Culture CO.LTD,1024,608.00,SD,
203236,LILY-NETWORK Lily Network,256,592.00,,
136959,UNICOM-FUOSHAN-IDC China Unicom Guangdong IP network,24064,577.00,GD,
140731,TOHU-OP-AP TOHU Public Internet,0,576.00,,
4842,TH-AS-AP Tianhai InfoTech,256,554.00,,
138421,CU-CN-AS China Unicom,73984,532.00,,
211575,RuiNetwork,0,530.00,,
149979,CHINANET-HUNAN-ACROSS-REGION-IDC China Telecom,1280,520.00,HN,
134760,"CHINANET-HEBEI-SHIJIAZHUANG-IDC Shijiazhuang IDC network, CHINANET Hebei province",68608,514.00,HE,
132510,SHANXIMCC-IDC IDC ShanXi China Mobile communications corporation,59136,514.00,SX,
142608,CHINANET-ANHUI-BENGBU-IDC China Telecom,4864,513.00,AH,
139791,WOPAI-AS-AP Langfang Wopai Communications Co Ltd,0,513.00,,
219332,PMMAN-AS - Xiang Zhou,0,513.00,SN,
151331,SORAYOU-AS-JP Sora You,0,512.00,,
214610,YANGXULIAO,0,480.00,,
215502,XING_QINGYU,256,401.00,,
138407,CMNET-GZIDC-CN The Internet Data Center of Guizhou Mobile Communication Company Limited,30464,343.00,GZ,
199310,QFLINK-AS WolfXun Experimental Research Global Network,256,329.00,,
24429,"TAOBAO Zhejiang Taobao Network Co.,Ltd",175872,306.00,ZJ,
215750,TENONET,0,299.00,,
151673,CHENXINYU-AS-AP Chen Xinyu,256,292.00,,
208754,CHIYODA-NETWORK,256,290.00,,
213605,PYSIO-NETWORK,768,284.00,,
214899,YLL-AS,256,277.00,,
213629,ZEXINCHEN,0,272.00,,
214848,COMPATIBLENETWORK,0,272.00,,
151194,STELIGHT-AS-AP Zhu Yucheng,0,267.00,,
153725,TENONET-AS-AP Tenonet Hangzhou Co Ltd,512,262.00,ZJ,
207299,ASTRAL-EXPRESS Astral Express Inc.,0,261.00,,
205794,RTTW-AS as205794.net,0,259.00,,
141771,CHINANET-HEBEI-ZHANGJIAKOU-MAN China Telecom,60416,258.00,HE,
141025,"CT-LIAONING-SHENYANG-MAN Shenyang MAN, Liaoning, China Telecom",256,258.00,LN,
136535,HRBM27-AS-AP Yang Mengqi,0,258.00,,
218883,"MELSPECTRUM-AS - Melspectrum Technology Co., Ltd.",0,258.00,,
142664,AS142664-15 - China Education and Research Network (CERNET),0,257.00,,
213876,ISEREBINAIRE3,0,257.00,,
9389,CGWNET BEIJING SHENZHOU GREATWALL COMMUNICATION,175616,256.00,BJ,
141006,CT-NEIMENGGU-WULANCHABU-MAN China Telecom,4096,256.00,NM,
4813,BACKBONE-GUANGDONG-AP China TelecomGroup,2560,256.00,GD,
133475,NEWYORKUNIVERSITY-AS-SHANGHAI New York University ASN,512,256.00,SH,
58571,CHINATELECOM-GUIZHOU CHINANET Guizhou province network,256,256.00,GZ,
139073,FSIX-AS-AP Fantasy Sky Internet eXchange,256,256.00,,
215786,YC-NETWORK,256,256.00,,
38587,CERNET-IDC-AP CERNET Internet Data Center,0,256.00,,
139888,TIME-GLOBAL-AS-AP Tang Zhuo,0,256.00,,
140056,CHINANET-MAOMING-AS-AP China Telecom,0,256.00,,
140346,CHINATELECOM-YUNNAN-KUNMING-5G-NETWORK CHINATELECOM Yunnan province Kunming 5G network,0,256.00,YN,
140348,CHINATELECOM-YUNNAN-BAOSHAN-5G-NETWORK CHINATELECOM Yunnan province Baoshan 5G network,0,256.00,YN,
140349,CHINATELECOM-YUNNAN-CHUXIONG-5G-NETWORK CHINATELECOM Yunnan province Chuxiong 5G network,0,256.00,YN,
140350,CHINATELECOM-YUNNAN-DALI-5G-NETWORK CHINATELECOM Yunnan province Dali 5G network,0,256.00,YN,
140351,CHINATELECOM-YUNNAN-DEHONG-5G-NETWORK CHINATELECOM Yunnan province Dehong 5G network,0,256.00,YN,
140353,CHINATELECOM-YUNNAN-HONGHE-5G-NETWORK CHINATELECOM Yunnan province Honghe 5G network,0,256.00,YN,
140354,CHINATELECOM-YUNNAN-LIJIANG-5G-NETWORK CHINATELECOM Yunnan province Lijiang 5G network,0,256.00,YN,
140355,CHINATELECOM-YUNNAN-LINCANG-5G-NETWORK CHINATELECOM Yunnan province Lincang 5G network,0,256.00,YN,
140356,CHINATELECOM-YUNNAN-NUJIANG-5G-NETWORK CHINATELECOM Yunnan province Nujiang 5G network,0,256.00,YN,
140357,CHINATELECOM-YUNNAN-PUER-5G-NETWORK CHINATELECOM Yunnan province Puer 5G network,0,256.00,YN,
140358,CHINATELECOM-YUNNAN-QUJING-5G-NETWORK CHINATELECOM Yunnan province Qujing 5G network,0,256.00,YN,
140359,CHINATELECOM-YUNNAN-WENSHAN-5G-NETWORK CHINATELECOM Yunnan province Wenshan 5G network,0,256.00,YN,
140360,CHINATELECOM-YUNNAN-YUXI-5G-NETWORK CHINATELECOM Yunnan province Yuxi 5G network,0,256.00,YN,
140361,CHINATELECOM-YUNNAN-ZHAOTONG-5G-NETWORK CHINATELECOM Yunnan province Zhaotong 5G network,0,256.00,YN,
200267,ZHAO-AS,0,256.00,,
200268,CHEN-AS,0,256.00,,
200545,QUANHAO-AS,0,256.00,,
206315,SHUCHENG,0,256.00,,
214775,LYC-AS,0,256.00,,
219397,IDDQD-AS - IDDQD-AS,0,256.00,,
212532,RUI-AS,512,245.00,,
137735,CCBNET China Construction Bank,9984,225.00,,
140494,CHINATELECOM-ZHEJIANG-HUZHOU-5G-NETWORK CHINATELECOM ZHEJIANG province HUZHOU 5G network,0,193.00,ZJ,
140290,CHINATELECOM-JIANGSU-5G-CORE-NETWORK CHINATELECOM Jiangsu province 5G CORE network,0,192.00,JS,
140291,CHINATELECOM-JIANGSU-NANJING-5G-NETWORK CHINATELECOM Jiangsu province Nanjing 5G network,0,192.00,JS,
140294,CHINATELECOM-JIANGSU-YANGZHOU-5G-NETWORK CHINATELECOM Jiangsu provinceYangzhou 5G network,0,192.00,JS,
140295,CHINATELECOM-JIANGSU-LIANYUNGANG-5G-NETWORK CHINATELECOM Jiangsu province Lianyungang 5G network,0,192.00,JS,
140296,CHINATELECOM-JIANGSU-WUXI-5G-NETWORK CHINATELECOM Jiangsu province Wuxi 5G network,0,192.00,JS,
140297,CHINATELECOM-JIANGSU-XUZHOU-5G-NETWORK CHINATELECOM Jiangsu province Xuzhou 5G network,0,192.00,JS,
140298,CHINATELECOM-JIANGSU-YANCHENG-5G-NETWORK CHINATELECOM Jiangsu province Yancheng 5G network,0,192.00,JS,
140299,CHINATELECOM-JIANGSU-NANTONG-5G-NETWORK CHINATELECOM Jiangsu province Nantong 5G network,0,192.00,JS,
140300,CHINATELECOM-JIANGSU-SUQIAN-5G-NETWORK CHINATELECOM Jiangsu province Suqian 5G network,0,192.00,JS,
140301,CHINATELECOM-JIANGSU-TAIZHOU-5G-NETWORK CHINATELECOM Jiangsu province Taizhou 5G network,0,192.00,JS,
140302,CHINATELECOM-JIANGSU-ZHENJIANG-5G-NETWORK CHINATELECOM Jiangsu province Zhenjiang 5G network,0,192.00,JS,
140303,CHINATELECOM-JIANGSU-HUAIAN-5G-NETWORK CHINATELECOM Jiangsu province Huaian 5G network,0,192.00,JS,
140347,CHINATELECOM-YUNNAN-XISHUANGBANNA-5G-NETWORK CHINATELECOM Yunnan province Xishuangbanna 5G network,0,192.00,YN,
140352,CHINATELECOM-YUNNAN-DIQING-5G-NETWORK CHINATELECOM Yunnan province Diqing 5G network,0,192.00,YN,
202335,HAIMA-AS Haima Global Network,0,192.00,,
138182,CNGI-SJZ-IX-AS-AP CERNET2 regional IX at Hebei Normal University,0,124.00,HE,
7721,QC-NET Qin Cloud Networks,256,101.00,,
133555,DOORPOST-AS-AP DOORPOST Limited,256,97.00,,
203309,CHOCO-AS,256,96.00,,
212164,HE-AS Kakan Network,256,86.00,,
202256,LAWLIETNET,0,86.00,,
134773,CHINANET-GUANGDONG-GUANGZHOU-MAN CHINANET Guangdong province Guangzhou MAN network,102400,85.00,GD,
139317,ZX-AS-AP Ningbo Dahuamao Information Technology Co Ltd,0,85.00,ZJ,
137718,"VOLCANO-ENGINE Beijing Volcano Engine Technology Co., Ltd.",505344,80.00,BJ,
24356,CNGI-CHQ-IX-AS-AP CERNET2 IX at Chongqing University,0,76.00,CQ,
200959,SUNFLYER-AS Sunflyer Global Experiment Network,0,72.00,,
214439,ZXCT-AS,256,69.00,,
137753,JD Beijing Jingdong Shangke Information Technology Co. Ltd.,11776,68.00,BJ,
140979,UNICOM-SHFT-IDC China Unicom Shanghai FuTe IDC network,56832,65.00,SH,
58777,CT2 ChinaTelecom Cybersecurity Tech,5632,64.00,,
216299,LCNET Liuchang Network,0,64.00,,
138381,CNGI-GYN-IX-AS-AP CERNET2 regional IX at Guizhou University,0,60.00,GZ,
140105,CMNET-SNIDC-CN-AP Shaanxi Mobile Communication Company Limited,26112,56.00,SN,
138374,CNGI-TYN-IX-AS-AP CERNET2 regional IX at Taiyuan University,0,56.00,SX,
24354,CNGI-LZH-IX-AS-AP CERNET2 IX at Lanzhou University,0,51.00,GS,
141425,CMNET-GUANGDONG-CN China Mobile Group Guangdong communications corporation,40448,50.00,GD,
210738,CP-AS,0,50.00,,
209306,SOHANET Soha Network,256,49.00,,
219489,AS-MZKNET - Zhengda Li,0,48.00,,
219378,SAKARIN-NETWORK - ZHANG XIYUAN,0,44.00,,
214575,CUTECH Curious Universe Technology,256,42.00,,
150184,OWONET-AS-AP Chen Chi,0,42.00,,
137908,MOEFIRE-AS-AP Lin Siqi,0,38.00,,
139080,CMNET-SCIDC-CN The Internet Data Center of Sichuan Mobile Communication Company Limited,74240,37.00,SC,
152120,UNICOM-TJGC-IDC China Unicom TianJing GaoCun IDC network,9216,35.00,TJ,
37936,"SINA 15F,Ideal Plaza No.58 Bei Si Huan Xi Road",1280,35.00,,
136198,CHINANET-GUANGDONG-YUEXI-MAN CHINANET Guangdong province Yuexi MAN network,1280,35.00,GD,
24370,CNGI-DLN-IX-AS-AP CERNET2 IX at Dalian University of Technology,0,35.00,LN,
139462,CHINANET-GY-AS CHINANET Guizhou Yilong IDC,7168,33.00,GZ,
200936,GUO-AS Chengjie Guos Experimental Network,0,33.00,,
139203,CHINANET-GUIZHOU-GUIAN-IDC Guizhou GuiAn IDC,36352,32.00,GZ,
37965,CNNIC-PBSL-AP Pacnet Business Solutions LTD,22272,32.00,,
139148,"CHINAUNIONPAY China UnionPay Co., Ltd",3072,32.00,,
151464,"LUOGU-AS-AP Shanghai Luogu Network Technology Co., Ltd.",256,32.00,SH,
202782,EVERLINK-AS EverLink Global Enterprise Network,0,32.00,,
203655,ZHIWENSUN,0,32.00,,
206729,VINCENT-NET-AS,0,32.00,,
208618,CYY-AS,0,32.00,,
209218,FISH-NETWORK-AS Fish Network,0,32.00,,
202396,ZYK-AS,0,25.00,,
150141,W1N0DL-AS-AP Wang Jiacheng,0,21.00,,
208679,YIKAI-AS,0,21.00,,
210352,YIJIAXU,0,21.00,,
38364,"LTEL RM 1706,Block A,Ocean Express,No.66",3584,20.00,,
17490,"ETFIBERNET 3F,Yi Qing Building,Hua Jing Xin Cheng,Guangzhou",1024,20.00,GD,
138376,CNGI-YCH-IX-AS-AP CERNET2 regional IX at Ningxia University,0,20.00,NX,
135671,RBB-AS-AP RBB InfoTech,256,19.00,,
210041,WALS5H-AS,256,19.00,,
140308,CHINATELECOM-GUANGDONG-ZHUHAI-5G-NETWORK CHINATELECOM Guangdong province Zhuhai 5G network,328192,18.00,GD,
140318,CHINATELECOM-GUANGDONG-HEYUAN-5G-NETWORK CHINATELECOM Guangdong province Heyuan 5G network,319744,18.00,GD,
140319,CHINATELECOM-GUANGDONG-QINGYUAN-5G-NETWORK CHINATELECOM Guangdong province Qingyuan 5G network,255232,18.00,GD,
140309,CHINATELECOM-GUANGDONG-ZHONGSHAN-5G-NETWORK CHINATELECOM Guangdong province Zhongshan 5G network,233984,18.00,GD,
140320,CHINATELECOM-GUANGDONG-SHANWEI-5G-NETWORK CHINATELECOM Guangdong province Shanwei 5G network,225536,18.00,GD,
140311,CHINATELECOM-GUANGDONG-JIANGMEN-5G-NETWORK CHINATELECOM Guangdong province Jiangmen 5G network,215808,18.00,GD,
203991,AS20473,256,18.00,,
205152,DAIHAN,256,18.00,,
209294,FANSNET FansNET A Not Stable NETwork,256,18.00,,
140053,CHINANET-HUIZHOU-AS-AP China Telecom,0,18.00,,
215007,BOZHAN-AS,0,18.00,,
141776,BAOSHUO-AS-AP Baoshuo Network,256,17.00,,
39753,LIUXYON Liuxyon International,0,17.00,,
151674,HYU-AS-AP Cheng Yijia,0,17.00,,
152598,CHAT-AS-AP Beijing Gong Gong Fa Technology Co Ltd,0,17.00,BJ,
152911,SYICT-AS-KR SY ICT,0,17.00,,
204185,STARCLOUD-AS StarCloud global network powered by high-end Arduino BGP routers.,0,17.00,,
204518,MORAN-AS,0,17.00,,
205603,WOLFLAB,0,17.00,,
210903,QINGYAO-AS,0,17.00,,
219480,nfdns - shuai wang,0,17.00,,
24147,"CBDTELENET BEIJING CBD TELECOM CO,.LTD",4096,16.00,BJ,
139721,CHINATELECOM-ANHUI-HEFEI-MAN HeFei,2048,16.00,AH,
44421,EVE-NET,256,16.00,,
205651,CATOFES,256,16.00,,
24239,TWD2-NET-AS-AP TWD2 Education and Research Network,0,16.00,,
135674,KANONETWORK-AS-JP Kano Network,0,16.00,,
198078,Silicon-AS - Hangzhou Silicon-based Agile Technology Limited,0,16.00,ZJ,
198516,UNDEFINED-AS,0,16.00,,
198527,REI-AS,0,16.00,,
199406,JINHAN-NET,0,16.00,,
200789,OPTNET,0,16.00,,
210176,APPLEBLOCK-NETWORK,0,16.00,,
213545,LOKI-AS,0,16.00,,
213878,ZHENGYONGCHEN,0,16.00,,
139216,HTROY-AS-AP Htroy Network Research Limited,0,15.00,,
205532,DREAMRY Heng Zichao aka Wencey Wang.,0,15.00,,
214921,JUDGEDUCK-NET JudgeDuck Research and Development Network,0,14.00,,
23848,"PINGANCOM Shenzhen Ping An Communication Technology Co.,Ltd",14848,13.00,GD,
216056,VIRTUALIZE-NETWORK,0,13.00,,
38345,ZDNS Internet Domain Name System Beijing Engineering Resrarch Center Ltd.,6144,12.00,BJ,
213891,LIUZHEN-AS,0,12.00,,
151187,LEONET-AS-AP Shen Jiale,0,11.00,,
140707,UNICOM-NXZW-IDC UNICOM Ningxia province network,10240,10.00,NX,
24351,CNGI-BJ-IX5-AS-AP CERNET2 IX at Beijing University of Aeronautics and Astronautics,0,10.00,BJ,
142553,AIRSPROJECT-PRIVATE-NETWORK Airs Project Private Network Main,0,10.00,,
49904,Kosaka Network,0,9.00,,
198025,ARCHTIC-NETWORK,0,9.00,,
200890,BMIP,0,9.00,,
214933,-Reserved AS-,0,9.00,,
214963,YPH-AS,0,9.00,,
4538,ERX-CERNET-BKB China Education and Research Network Center,16446976,8.00,,
63647,WJHTEDU Beijing WangJu Interworking Information Technology Co. LTD,34304,8.00,BJ,
133865,"IQIYI-AS-AP Beijing IQIYI Science & Technology Co., Ltd.",7936,8.00,BJ,
24406,CNNIC-CRITICAL-AP China Internet Network Infomation Center,4608,8.00,,
58448,AP-CONAC-AS-AP CONAC China Organizational Name Administration Center,1024,8.00,,
138401,TUPLENET2-AS-AP TupleTech Corporation,256,8.00,,
137256,CATIO-NETWORK-AS-AP CatIO Network,0,8.00,,
24409,CNNIC-CRITICAL-AP China Internet Network Infomation Center,2304,7.00,,
137264,WINGMARK-AS-AP Wingmark Matrix Wuhan Computer Systems Co Ltd,256,7.00,HB,
140682,MCDAWANJIA-AS-AP Yang Xuyao,0,7.00,,
151785,ZHOU-AS-AP Zhou Yang,0,7.00,,
201705,E-PORTS-NETPORTS-AS,0,7.00,,
212985,WMJ-AS geo.skh.cxgeofeed.csv,0,7.00,,
214704,RUI,0,7.00,,
216100,-Reserved AS-,0,7.00,,
142433,DATAWAVE-AS-AP DATAWAVE GLOBAL LLC,3072,6.00,,
133846,IMLONGHAO-AS-AP IMLONGHAO,256,6.00,,
152922,ZHANGFUYU-AS-CN Zhang Fuyu,0,6.00,,
153057,LIRUIZHI-AS-AP Li Ruizhi,0,6.00,,
153168,LUBIN-AS-AP Lu Bin,0,6.00,,
153170,CUIHONGTAO-AS-AP Cui Hongtao,0,6.00,,
153171,HANJIAJUN-AS-AP Han Jiajun,0,6.00,,
153172,WANGGONGRUI-AS-AP Wang Gongrui,0,6.00,,
212793,XIWEI-NETWORK,0,6.00,,
216342,MARIONIC_PERSONAL_NETWORK-AS Marionic Personal Network ~ MPN,0,6.00,,
151397,CT-ESURFINGCLOUD-CDN China Telecom,4864,5.00,,
58811,AP-CONAC-AS-AP CONAC China Organizational Name Administration Center,2048,5.00,,
133478,"TENCENT-AS-AP Tencent Cloud Computing Beijing Co., Ltd",1536,5.00,BJ,
212237,Phoenix Network,1024,5.00,,
211843,TIANKAI-AS,256,5.00,,
136725,CHENJITONG-AS-AP Chen Jitong,0,5.00,,
137436,CONGPENGBO-AS-AP Cong Pengbo,0,5.00,,
149510,FENGLIBO-AS-AP Feng Libo,0,5.00,,
151202,HONOKA-AS-AP Suzhou Honoka Technology Co Ltd,0,5.00,,
153185,WANGDEHONG-AS-AP Wang Dehong,0,5.00,,
153186,XUJIAYOU-AS-AP Xu Jiayou,0,5.00,,
153187,WUCHUNYU-AS-AP Wu Chunyu,0,5.00,,
153189,WANGJIANWEI-AS-AP Wang Jianwei,0,5.00,,
153190,ZHANGCHONG-AS-AP Zhang Chong,0,5.00,,
153331,CHENWEI-AS-AP Chen Wei,0,5.00,,
153333,FUJIECHUN-AS-AP Fu Jiechun,0,5.00,,
154185,LIUHAORAN-AS-CN Liu HaoRan,0,5.00,,
200809,KURAL,0,5.00,,
213782,GoForceX Networks,0,5.00,,
218796,GREYWIND-AS - Yunsheng Deng,0,5.00,,
135089,CHINANET-GUANGZHOU-SOUTHBASE-IDC China Telecom,107520,4.00,GD,
132536,CHINANET-TIANJIN-MAN-NEW China Telecom,6400,4.00,TJ,
18241,SPINET State Power Information Net,3328,4.00,,
146788,"CHINA-BROADNET China Broadcasting Network Co., Ltd",3072,4.00,,
24149,ZDNS Internet Domain Name System Beijing Engineering Resrarch Center Ltd.,1024,4.00,BJ,
55966,"PSBCNET Post Savings Bank of China Tower A, No.3",1024,4.00,,
146812,"DBCN-WEB Deutsche Bank China Co., Ltd. Shanghai Branch",512,4.00,SH,
209574,HEXNET-AS,256,4.00,,
45275,ZPARKNET-AS-AP BII Group Holding Ltd.,0,4.00,,
138387,CHINATELECOM-SHAANXI-XIAN-5G-NETWORK CHINATELECOM Shaanxi province Xian 5G network,0,4.00,SN,
138409,CHINATELECOM-SHAANXI-TONGCHUAN-5G-NETWORK CHINATELECOM Shaanxi province Tongchuan 5G network,0,4.00,SN,
138436,CHINATELECOM-SHAANXI-BAOJI-5G-NETWORK CHINATELECOM Shaanxi province Baoji 5G network,0,4.00,SN,
138442,CNGI-LSA-IX-AS-AP CERNET2 regional IX at Tibet University,0,4.00,XZ,
138513,CHINATELECOM-SHAANXI-WEINAN-5G-NETWORK CHINATELECOM Shaanxi province Weinan 5G network,0,4.00,SN,
138514,CHINATELECOM-SHAANXI-XIANYANG-5G-NETWORK CHINATELECOM Shaanxi province Xianyang 5G network,0,4.00,SN,
138597,CHINATELECOM-SHAANXI-HANZHONG-5G-NETWORK CHINATELECOM Shaanxi province Hanzhong 5G network,0,4.00,SN,
138635,CHINATELECOM-SHAANXI-ANKANG-5G-NETWORK CHINATELECOM Shaanxi province Ankang 5G network,0,4.00,SN,
138641,CHINATELECOM-SHAANXI-YULIN-5G-NETWORK CHINATELECOM Shaanxi province Yulin 5G network,0,4.00,SN,
138679,CHINATELECOM-SHAANXI-YANAN-5G-NETWORK CHINATELECOM Shaanxi province Yanan 5G network,0,4.00,SN,
140238,CHINATELECOM-SHAANXI-SHANGLUO-5G-NETWORK CHINATELECOM Shaanxi province Shangluo 5G network,0,4.00,SN,
140649,CHINATELECOM-GUIZHOU-ZUNYI-5G-NETWORK CHINATELECOM Guizhou province Zunyi 5G network,0,4.00,GZ,
140650,CHINATELECOM-GUIZHOU-ANSHUN-5G-NETWORK CHINATELECOM Guizhou province Anshun 5G network,0,4.00,GZ,
140651,CHINATELECOM-GUIZHOU-QIANNAN-5G-NETWORK CHINATELECOM Guizhou province Qiannan 5G network,0,4.00,GZ,
140652,CHINATELECOM-GUIZHOU-QIANDONGNAN-5G-NETWORK CHINATELECOM Guizhou province Qiandongnan 5G network,0,4.00,GZ,
140653,CHINATELECOM-GUIZHOU-TONGREN-5G-NETWORK CHINATELECOM Guizhou province Tongren 5G network,0,4.00,GZ,
140654,CHINATELECOM-GUIZHOU-BIJIE-5G-NETWORK CHINATELECOM Guizhou province Bijie 5G network,0,4.00,GZ,
140655,CHINATELECOM-GUIZHOU-LIUPANSHUI-5G-NETWORK CHINATELECOM Guizhou province Liupanshui 5G network,0,4.00,GZ,
140656,CHINATELECOM-GUIZHOU-QIANXINAN-5G-NETWORK CHINATELECOM Guizhou province Qianxinan 5G network,0,4.00,GZ,
140657,CHINATELECOM-GUIZHOU-GUIAN-5G-NETWORK CHINATELECOM Guizhou province Guian 5G network,0,4.00,GZ,
151276,"UOTO XIAN UOTOCOM NETWORK TECHNOLOGY CO.,LTD",0,4.00,SN,
198266,YNN5-NET,0,4.00,,
198681,REIA-NETWORK REIA-NETWORK,0,4.00,,
200853,LI-AS,0,4.00,,
136200,CHINANET-GUANGDONG-FOSHAN-MAN CHINANET Guangdong province Foshan MAN network,74752,3.00,GD,
45079,GDSNET GDS CHANGAN SERVICES Ltd.,9728,3.00,,
56006,"SPDB-CN Shanghai Pudong Development Bank Co.,Ltd.",1536,3.00,SH,
58536,AP-CONAC-AS-AP CONAC China Organizational Name Administration Center,1280,3.00,,
142111,AIYUN-AS-AP Zhejiang Aiyun Network Technology Co Ltd,1280,3.00,ZJ,
59073,BOC Bank of China Limited,768,3.00,,
50922,SHI-LILI,256,3.00,,
204211,LOCYAN-NETWORK-AS LoCyanTeam,256,3.00,,
138535,FURDEVS-AS-AP Wu Qi,0,3.00,,
139589,GETONG-AS-AP GTDev Network,0,3.00,,
140245,CHINATELECOM-ANHUI-SHENGJI-5G-NETWORK CHINATELECOM Anhui province Shengji 5G network,0,3.00,AH,
140246,CHINATELECOM-ANHUI-HEFEI-5G-NETWORK CHINATELECOM Anhui province Hefei 5G network,0,3.00,AH,
140247,CHINATELECOM-ANHUI-WUHU-5G-NETWORK CHINATELECOM Anhui province Wuhu 5G network,0,3.00,AH,
140248,CHINATELECOM-ANHUI-ANQING-5G-NETWORK CHINATELECOM Anhui province Anqing 5G network,0,3.00,AH,
140249,CHINATELECOM-ANHUI-BENGBU-5G-NETWORK CHINATELECOM Anhui province Bengbu 5G network,0,3.00,AH,
140250,CHINATELECOM-ANHUI-FUYANG-5G-NETWORK CHINATELECOM Anhui province Fuyang 5G network,0,3.00,AH,
140251,CHINATELECOM-ANHUI-BOZHOU-5G-NETWORK CHINATELECOM Anhui province Bozhou 5G network,0,3.00,AH,
140252,CHINATELECOM-ANHUI-HUAIBEI-5G-NETWORK CHINATELECOM Anhui province Huaibei 5G network,0,3.00,AH,
140253,CHINATELECOM-ANHUI-HUAINAN-5G-NETWORK CHINATELECOM Anhui province Huainan 5G network,0,3.00,AH,
140254,CHINATELECOM-ANHUI-SHUZHOU-5G-NETWORK CHINATELECOM Anhui province Shuzhou 5G network,0,3.00,AH,
140255,CHINATELECOM-ANHUI-CHUZHOU-5G-NETWORK CHINATELECOM Anhui province Chuzhou 5G network,0,3.00,AH,
140256,CHINATELECOM-ANHUI-LIUAN-5G-NETWORK CHINATELECOM Anhui province Liuan 5G network,0,3.00,AH,
140257,CHINATELECOM-ANHUI-CHIZHOU-5G-NETWORK CHINATELECOM Anhui province Chizhou 5G network,0,3.00,AH,
140258,CHINATELECOM-ANHUI-MAANSHAN-5G-NETWORK CHINATELECOM Anhui province Maanshan 5G network,0,3.00,AH,
140259,CHINATELECOM-ANHUI-TONGLING-5G-NETWORK CHINATELECOM Anhui province Tongling 5G network,0,3.00,AH,
140260,CHINATELECOM-ANHUI-XUANCHENG-5G-NETWORK CHINATELECOM Anhui province Xuancheng 5G network,0,3.00,AH,
140261,CHINATELECOM-ANHUI-HUANGSHAN-5G-NETWORK CHINATELECOM Anhui province Huangshan 5G network,0,3.00,AH,
140364,CHINATELECOM-HUNAN-5G-CORE-NETWORK-5G-NETWORK CHINATELECOM Hunan province 5G Core Network 5G network,0,3.00,HN,
140365,CHINATELECOM-HUNAN-CHANGSHA-5G-NETWORK CHINATELECOM Hunan province Changsha 5G network,0,3.00,HN,
140366,CHINATELECOM-HUNAN-HENGYANG-5G-NETWORK CHINATELECOM Hunan province Hengyang 5G network,0,3.00,HN,
140367,CHINATELECOM-HUNAN-YUEYANG-5G-NETWORK CHINATELECOM Hunan province Yueyang 5G network,0,3.00,HN,
140368,CHINATELECOM-HUNAN-ZHUZHOU-5G-NETWORK CHINATELECOM Hunan province Zhuzhou 5G network,0,3.00,HN,
140369,CHINATELECOM-HUNAN-XIANGTAN-5G-NETWORK CHINATELECOM Hunan province Xiangtan 5G network,0,3.00,HN;SN,
140370,CHINATELECOM-HUNAN-CHENZHOU-5G-NETWORK CHINATELECOM Hunan province Chenzhou 5G network,0,3.00,HN,
140371,CHINATELECOM-HUNAN-YONGZHOU-5G-NETWORK CHINATELECOM Hunan province Yongzhou 5G network,0,3.00,HN,
140372,CHINATELECOM-HUNAN-YIYANG-5G-NETWORK CHINATELECOM Hunan province Yiyang 5G network,0,3.00,HN,
140373,CHINATELECOM-HUNAN-CHANGDE-5G-NETWORK CHINATELECOM Hunan province Changde 5G network,0,3.00,HN,
140374,CHINATELECOM-HUNAN-ZHANGJIAJIE-5G-NETWORK CHINATELECOM Hunan province Zhangjiajie 5G network,0,3.00,HN,
140375,CHINATELECOM-HUNAN-XIANGXI-5G-NETWORK CHINATELECOM Hunan province Xiangxi 5G network,0,3.00,HN;SN,
140376,CHINATELECOM-HUNAN-HUAIHUA-5G-NETWORK CHINATELECOM Hunan province Huaihua 5G network,0,3.00,HN,
140377,CHINATELECOM-HUNAN-SHAOYANG-5G-NETWORK CHINATELECOM Hunan province Shaoyang 5G network,0,3.00,HN,
140378,CHINATELECOM-HUNAN-DOUDI-5G-NETWORK CHINATELECOM Hunan province Loudi 5G network,0,3.00,HN,
140508,CHINATELECOM-GUANGXI-SHENGJI-5G-NETWORK CHINATELECOM GUANGXI province Shengji 5G network,0,3.00,GX,
140509,CHINATELECOM-GUANGXI-NANNING-5G-NETWORK CHINATELECOM GUANGXI province NanNing 5G network,0,3.00,GX,
140510,CHINATELECOM-GUANGXI-LIUZHOU-5G-NETWORK CHINATELECOM GUANGXI province LiuZhou 5G network,0,3.00,GX,
140511,CHINATELECOM-GUANGXI-GUILIN-5G-NETWORK CHINATELECOM GUANGXI province GuiLin 5G network,0,3.00,GX,
140512,CHINATELECOM-GUANGXI-YULIN-5G-NETWORK CHINATELECOM GUANGXI province YuLin 5G network,0,3.00,GX,
140513,CHINATELECOM-GUANGXI-BAISE-5G-NETWORK CHINATELECOM GUANGXI province BaiSe 5G network,0,3.00,GX,
140514,CHINATELECOM-GUANGXI-GUIGANG-5G-NETWORK CHINATELECOM GUANGXI province GuiGang 5G network,0,3.00,GX,
140515,CHINATELECOM-GUANGXI-HECHI-5G-NETWORK CHINATELECOM GUANGXI province HeChi 5G network,0,3.00,GX,
140516,CHINATELECOM-GUANGXI-QINZHOU-5G-NETWORK CHINATELECOM GUANGXI province QinZhou 5G network,0,3.00,GX,
140517,CHINATELECOM-GUANGXI-WUZHOU-5G-NETWORK CHINATELECOM GUANGXI province WuZhou 5G network,0,3.00,GX,
140518,CHINATELECOM-GUANGXI-BEIHAI-5G-NETWORK CHINATELECOM GUANGXI province BeiHai 5G network,0,3.00,GX,
140519,CHINATELECOM-GUANGXI-CHONGZUO-5G-NETWORK CHINATELECOM GUANGXI province ChongZuo 5G network,0,3.00,GX,
140520,CHINATELECOM-GUANGXI-LAIBIN-5G-NETWORK CHINATELECOM GUANGXI province LaiBin 5G network,0,3.00,GX,
140521,CHINATELECOM-GUANGXI-HEZHOU-5G-NETWORK CHINATELECOM GUANGXI province HeZhou 5G network,0,3.00,GX,
140522,CHINATELECOM-GUANGXI-FANGCHENGGANG-5G-NETWORK CHINATELECOM GUANGXI province FangChengGang 5G network,0,3.00,GX,
198135,MONET,0,3.00,,
207303,XIE-AS,0,3.00,,
207317,JQ-NETWORK ********************,0,3.00,,
207338,AS_ZZ Novazy Network,0,3.00,,
207615,XINYU-ZHANG,0,3.00,,
209556,HOSHI-NETWORK,0,3.00,,
210773,MAGICEDGE-GLOBAL-LTD,0,3.00,,
212053,SHIJITONG,0,3.00,,
212982,REBMIT-AS,0,3.00,,
216173,ULAYER-AS,0,3.00,,
216305,ORG-CZ25-RIPE,0,3.00,,
136199,CHINANET-GUANGDONG-YUEDONG-MAN CHINANET Guangdong province Yuedong MAN network,475904,2.00,GD,
59223,CT-QINGHAI-IDC CHINANET Qinghai province IDC network,12032,2.00,QH,
132833,CHINANET-ANHUI-WUHU-NEWIDC China Telecom,4096,2.00,AH,
58866,CFCA-NET China Financial Certification Authority,1792,2.00,,
146772,"PENGCHENGNET Shenzhen Pengcheng communication network Co., Ltd",1280,2.00,GD,
139138,"GOPAY Gopay Information Technology Co.,Ltd",1024,2.00,,
63641,"MVNET Mega Vantage Information Consulting Co., Ltd.",768,2.00,,
213404,YESONGIT-NETWORKS,512,2.00,,
139136,"NNIX-HZ ZHEJIANG PROVINCE NEW-TYPE INTERNET EXCHANGE POINT CO.,LTD.",256,2.00,ZJ,
218668,CENA-NET - XU YINUO,256,2.00,,
24423,"FJGDWL No. 207 Hualin Road, Fuzhou, Fujian, China",0,2.00,FJ,
132479,JUSTKEEPMEEDO-AS-AP Xue Desen,0,2.00,,
134775,CHINANET-GUANGDONG-ZHUSANJIAO-MAN CHINANET Guangdong province Zhusanjiao MAN network,0,2.00,GD,
139249,ENMOE-AS-CN ENMOE,0,2.00,,
139859,TT-AS-AP TemasekTech.com,0,2.00,,
140310,CHINATELECOM-GUANGDONG-DONGGUAN-5G-NETWORK CHINATELECOM Guangdong province Dongguan 5G network,0,2.00,GD,
140312,CHINATELECOM-GUANGDONG-ZHANJIANG-5G-NETWORK CHINATELECOM Guangdong province Zhanjiang 5G network,0,2.00,GD,
140313,CHINATELECOM-GUANGDONG-ZHAOQING-5G-NETWORK CHINATELECOM Guangdong province Zhaoqing 5G network,0,2.00,GD,
140314,CHINATELECOM-GUANGDONG-SHANTOU-5G-NETWORK CHINATELECOM Guangdong province Shantou 5G network,0,2.00,GD,
140315,CHINATELECOM-GUANGDONG-JIEYANG-5G-NETWORK CHINATELECOM Guangdong province Jieyang 5G network,0,2.00,GD,
140316,CHINATELECOM-GUANGDONG-CHAOZHOU-5G-NETWORK CHINATELECOM Guangdong province Chaozhou 5G network,0,2.00,GD,
150173,POLOCLOUD-AS-AP PoloCloud Computing Hong Kong Limited,0,2.00,,
151418,JUNKAI-AS-AP Zhang Junkai,0,2.00,,
151490,GAONIT-AS-KR GaonIT,0,2.00,,
152930,LINXIANGLIANG-AS-AP Lin Xiangliang,0,2.00,SN,
153033,SHANGXU-AS-AP Shang Xu,0,2.00,,
153034,WANGLIN-AS-AP Wang Lin,0,2.00,,
197626,YAOYAO-AS,0,2.00,,
199932,TIANLE-NET,0,2.00,,
201235,CLBN-GLOBAL,0,2.00,,
201944,PYSIO-NEXT-NETWORK,0,2.00,,
206574,WIFIBER,0,2.00,,
206843,JACKREN-AS,0,2.00,,
209565,ALSARDFIBER,0,2.00,,
209645,TRASH-NETWORK,0,2.00,,
209661,MCFX,0,2.00,,
213116,BIKGO-NETWORK,0,2.00,,
213700,WYH-AS,0,2.00,,
213903,ZLY-AS,0,2.00,,
214871,YJP-AS,0,2.00,,
215832,JIANXU-AS,0,2.00,,
218985,YUWANG-AS - YU WANG,0,2.00,,
23771,"SXBCTV-AP SXBCTV ,Internet Service Provider",505344,1.00,,
55992,QIHOO Beijing Qihu Technology Company Limited,82432,1.00,BJ,
58539,"CHINATELECOM-HEBEI-LANGFANG-IDC Langfang,Hebei province, P.R.China",40448,1.00,HE,
17775,STN-CN shanghai science and technology network communication limited company,37888,1.00,SH,
152672,AIYUN-AS-AP Aiyun HK Network,21504,1.00,,
45106,JSCNNET JIANGSU BROADCASTING DATA NETWORK CORPORATION LIMITED,20992,1.00,JS,
63614,"QISHANGONLINE A4, 5th Floor, Tower C, Triumph Plaza, Unit A, No 143",19456,1.00,,
137699,CHINATELECOM-JIANGSU-SUQIAN-IDC CHINATELECOM Jiangsu Suqian IDC network,16896,1.00,JS,
45110,CBCNET Beijing Tian Wei Xin Tong technology corp. limited.,14848,1.00,BJ,
131516,"JHWA Jinhua Weian InfoTech Co., Ltd",10240,1.00,,
18257,"BITCOMM-AS ChangZhou Bitcomm Software Technology Co., Limited",6656,1.00,ZJ,
58854,KAOPY Kaopu Cloud,6400,1.00,,
38367,"ULICNET 20F.,Kuntai International Mansion,Buiding1 Yi No.12",4096,1.00,,
37969,"VRNET-CN Hangzhou CloudZone Network Technology Co.,Ltd",3584,1.00,ZJ,
63555,CNBIDCC Beijing Beilong Yunhai Network Data Technology Corporation,3328,1.00,BJ,
59083,"KHTECH Shanghai Kuanhui Tech. Co.,ltd",2304,1.00,SH;AH,
151295,JSYINSUYUN Jiangsu Yinsuyun Network Technology Co.Ltd.,2048,1.00,JS,
137798,"DIGITAL-GUANGDONG 5F, Zhujiang Yide Building, 362 Dongfeng Middle Road, Yuexiu District",1792,1.00,GD,
154648,TERMRATNETWORKLIMITED-AS-AP - TermRat Network Limited,1792,1.00,,
135363,"CFIT-AS-AP Beijing Dunhuang Heguang Information Technology Co.,Lt.",1536,1.00,BJ,
24376,YAHOO-CN2-AP Yahoo China Datacenter,768,1.00,,
134413,KMNIX-AS-AP KMNIX LLC,768,1.00,,
151951,"SLNTCL-AS-AP Shenzhen lesuyun Network Technology Co., Ltd",768,1.00,GD,
59068,"SPDB-CN Shanghai Pudong Development Bank Co.,Ltd.",512,1.00,SH,
136769,"GFITCL-AS-AP Guangzhou Fengyun Information Technology Co., Ltd.",512,1.00,GD,
139179,"CPIC China Pacific Insurance Group Co.,Ltd.",512,1.00,,
150166,NDB-AS-AP The New Development Bank,512,1.00,,
150374,JMSTDCCL-AS-AP Jiang Men Shi Tian Da Cloud Co. Ltd,512,1.00,,
152186,MINTEL-AS-AP Mintel Holding Limited,512,1.00,,
201674,WENZHANGYU,512,1.00,,
219300,GEESEFLY-AS - Yan Xiangdong,512,1.00,SN,
24310,NGDC-AS-AP Net-Glyph Data Center,256,1.00,,
58858,CNNIC-CRITICAL-AP China Internet Network Infomation Center,256,1.00,,
133465,DKU-AS-AP Duke Kunshan University,256,1.00,,
139767,CHINANET-AS-OA China Telecom Headquarters OA network,256,1.00,,
146771,"CCBFT CCB Fintech Co., Ltd.",256,1.00,,
151058,CT-HAINAN China Telecom,256,1.00,HI,
153726,"SHTCL-AS-AP Shanghai Huiduan Technology Co., LTD.",256,1.00,SH,
199392,NIE-SHIZHENG,256,1.00,,
219210,ZIMO-AS - ZiMo Wang,256,1.00,,
24150,"SCN 1 TianXianQiao BinHe Road,Chengdu,SiChuan",0,1.00,SC;SN,
24302,CRIS-CERNET-AS CRIS-CERNET,0,1.00,,
38323,"MACL-AS-AP Meifeng Advertising Co., Ltd.",0,1.00,,
44446,YUAN_XUE,0,1.00,,
49575,PARA-AS ParaMoe Network,0,1.00,,
58828,GDRCU GUANGDONG RURAL CREDIT UNION,0,1.00,GD,
132623,TSUKERU-AS Tsukeru Networks,0,1.00,,
134477,JUNRUIYUN-AS-AP Shaoxing Junruiyunjisuan Co Ltd,0,1.00,,
134488,CTJ-AS-AP CTJs Global Network,0,1.00,,
135646,AS-LUGINBASH-AP Luginbash AS,0,1.00,,
137835,NATCHAN-AS Nathaniel Chan Jie Le,0,1.00,,
138211,TUPLENET-AS-AP TupleTech Corporation,0,1.00,,
138369,CNGI-SZH-IX-AS-AP CERNET2 regional IX at Shenzhen University,0,1.00,GD,
139231,ZERO-AS-AP Zero,0,1.00,,
140852,CHINATELECOM-JIANGXI-SHENGJI-5G-NETWORK CHINATELECOM Jiangxi province Shengji 5G network,0,1.00,JX,
140853,CHINATELECOM-JIANGXI-NANCHANG-5G-NETWORK CHINATELECOM Jiangxi province Nanchang 5G network,0,1.00,JX,
140854,CHINATELECOM-JIANGXI-JIUJIANG-5G-NETWORK CHINATELECOM Jiangxi province Jiujiang 5G network,0,1.00,JX,
140855,CHINATELECOM-JIANGXI-JINGDEZHEN-5G-NETWORK CHINATELECOM Jiangxi province Jingdezhen 5G network,0,1.00,JX,
140856,CHINATELECOM-JIANGXI-SHANGRAO-5G-NETWORK CHINATELECOM Jiangxi province Shangrao 5G network,0,1.00,JX,
140857,CHINATELECOM-JIANGXI-YINGTAN-5G-NETWORK CHINATELECOM Jiangxi province yingtan 5G network,0,1.00,JX,
140858,CHINATELECOM-JIANGXI-YICHUN-5G-NETWORK CHINATELECOM Jiangxi province Yichun 5G network,0,1.00,JX,
140859,CHINATELECOM-JIANGXI-PINGXIANG-5G-NETWORK CHINATELECOM Jiangxi province Pingxiang 5G network,0,1.00,JX;SN,
140860,CHINATELECOM-JIANGXI-XINYU-5G-NETWORK CHINATELECOM Jiangxi province Xinyu 5G network,0,1.00,JX,
140861,CHINATELECOM-JIANGXI-GANZHOU-5G-NETWORK CHINATELECOM Jiangxi province Ganzhou 5G network,0,1.00,JX,
140862,CHINATELECOM-JIANGXI-JIAN-5G-NETWORK CHINATELECOM Jiangxi province Jian 5G network,0,1.00,JX,
140863,CHINATELECOM-JIANGXI-FUZHOU-5G-NETWORK CHINATELECOM Jiangxi province Fuzhou 5G network,0,1.00,JX,
141429,AGATHA-AS-AP Agatha Network,0,1.00,,
141445,PXNET-AS-AP Phoenix Network,0,1.00,,
142067,AS142067-1 - China Education and Research Network (CERNET),0,1.00,,
142068,AS142068-2 - China Education and Research Network (CERNET),0,1.00,,
142069,AS142069-3 - China Education and Research Network (CERNET),0,1.00,,
142070,AS142070-4 - China Education and Research Network (CERNET),0,1.00,,
142071,AS142071-5 - China Education and Research Network (CERNET),0,1.00,,
142072,AS142072-6 - China Education and Research Network (CERNET),0,1.00,,
142073,AS142073-7 - China Education and Research Network (CERNET),0,1.00,,
142074,AS142074-8 - China Education and Research Network (CERNET),0,1.00,,
142075,AS142075-9 - China Education and Research Network (CERNET),0,1.00,,
142076,AS142076-10 - China Education and Research Network (CERNET),0,1.00,,
142077,AS142077-11 - China Education and Research Network (CERNET),0,1.00,,
142078,AS142078-12 - China Education and Research Network (CERNET),0,1.00,,
142079,AS142079-13 - China Education and Research Network (CERNET),0,1.00,,
142080,AS142080-14 - China Education and Research Network (CERNET),0,1.00,,
142081,AS142081-15 - China Education and Research Network (CERNET),0,1.00,,
142082,AS142082-16 - China Education and Research Network (CERNET),0,1.00,,
142083,AS142083-17 - China Education and Research Network (CERNET),0,1.00,,
142084,AS142084-18 - China Education and Research Network (CERNET),0,1.00,,
142085,AS142085-19 - China Education and Research Network (CERNET),0,1.00,,
142086,AS142086-20 - China Education and Research Network (CERNET),0,1.00,,
142087,AS142087-21 - China Education and Research Network (CERNET),0,1.00,,
142088,AS142088-22 - China Education and Research Network (CERNET),0,1.00,,
142089,AS142089-23 - China Education and Research Network (CERNET),0,1.00,,
142090,AS142090-24 - China Education and Research Network (CERNET),0,1.00,,
142091,AS142091-25 - China Education and Research Network (CERNET),0,1.00,,
142092,AS142092-26 - China Education and Research Network (CERNET),0,1.00,,
142093,AS142093-27 - China Education and Research Network (CERNET),0,1.00,,
142094,AS142094-28 - China Education and Research Network (CERNET),0,1.00,,
142095,AS142095-29 - China Education and Research Network (CERNET),0,1.00,,
142096,AS142096-30 - China Education and Research Network (CERNET),0,1.00,,
142097,AS142097-31 - China Education and Research Network (CERNET),0,1.00,,
142098,AS142098-32 - China Education and Research Network (CERNET),0,1.00,,
142099,AS142099-33 - China Education and Research Network (CERNET),0,1.00,,
142100,AS142100-34 - China Education and Research Network (CERNET),0,1.00,,
142101,AS142101-35 - China Education and Research Network (CERNET),0,1.00,,
142102,AS142102-36 - China Education and Research Network (CERNET),0,1.00,,
142104,AS142104-38 - China Education and Research Network (CERNET),0,1.00,,
142105,AS142105-39 - China Education and Research Network (CERNET),0,1.00,,
142106,AS142106-40 - China Education and Research Network (CERNET),0,1.00,,
142164,GOLDDOGE-AS-AP GoldDoge Computer Technologies & Networks Information Center,0,1.00,,
142586,LIGHTXI-AS-AP Zhuhai Xiyun Cloud Technology Co Ltd,0,1.00,,
142642,ATONAL-AS-AP Atonal System,0,1.00,,
150370,"BWNTCL-AS-AP Beijing WuYuYunLian Network Technology Co., Ltd.",0,1.00,BJ,
150373,BEACOWORKS-AS-AP Zhang Bocheng,0,1.00,,
151230,"TONGRI-NET Guangdong Tongri Network Technology Co., Ltd.",0,1.00,GD,
151423,AS151423-1 - Future Internet Technology Infrastructure (FITI),0,1.00,,
151424,AS151424-2 - Future Internet Technology Infrastructure (FITI),0,1.00,,
151425,AS151425-3 - Future Internet Technology Infrastructure (FITI),0,1.00,,
151426,AS151426-4 - Future Internet Technology Infrastructure (FITI),0,1.00,,
151427,AS151427-5 - Future Internet Technology Infrastructure (FITI),0,1.00,,
151428,AS151428-6 - Future Internet Technology Infrastructure (FITI),0,1.00,,
151429,AS151429-7 - Future Internet Technology Infrastructure (FITI),0,1.00,,
151430,AS151430-8 - Future Internet Technology Infrastructure (FITI),0,1.00,,
151431,AS151431-9 - Future Internet Technology Infrastructure (FITI),0,1.00,,
151432,AS151432-10 - Future Internet Technology Infrastructure (FITI),0,1.00,,
151433,AS151433-11 - Future Internet Technology Infrastructure (FITI),0,1.00,,
151434,AS151434-12 - Future Internet Technology Infrastructure (FITI),0,1.00,,
151435,AS151435-13 - Future Internet Technology Infrastructure (FITI),0,1.00,,
151436,AS151436-14 - Future Internet Technology Infrastructure (FITI),0,1.00,,
151437,AS151437-15 - Future Internet Technology Infrastructure (FITI),0,1.00,,
151438,AS151438-16 - Future Internet Technology Infrastructure (FITI),0,1.00,,
151439,AS151439-17 - Future Internet Technology Infrastructure (FITI),0,1.00,,
151440,AS151440-18 - Future Internet Technology Infrastructure (FITI),0,1.00,,
151441,AS151441-19 - Future Internet Technology Infrastructure (FITI),0,1.00,,
151442,AS151442-20 - Future Internet Technology Infrastructure (FITI),0,1.00,,
151443,AS151443-21 - Future Internet Technology Infrastructure (FITI),0,1.00,,
151444,AS151444-22 - Future Internet Technology Infrastructure (FITI),0,1.00,,
151445,AS151445-23 - Future Internet Technology Infrastructure (FITI),0,1.00,,
151446,AS151446-24 - Future Internet Technology Infrastructure (FITI),0,1.00,,
151447,AS151447-25 - Future Internet Technology Infrastructure (FITI),0,1.00,,
151448,AS151448-26 - Future Internet Technology Infrastructure (FITI),0,1.00,,
151449,AS151449-27 - Future Internet Technology Infrastructure (FITI),0,1.00,,
151450,AS151450-28 - Future Internet Technology Infrastructure (FITI),0,1.00,,
151451,AS151451-29 - Future Internet Technology Infrastructure (FITI),0,1.00,,
151452,AS151452-30 - Future Internet Technology Infrastructure (FITI),0,1.00,,
151453,AS151453-31 - Future Internet Technology Infrastructure (FITI),0,1.00,,
151454,AS151454-32 - Future Internet Technology Infrastructure (FITI),0,1.00,,
151455,AS151455-33 - Future Internet Technology Infrastructure (FITI),0,1.00,,
151456,AS151456-34 - Future Internet Technology Infrastructure (FITI),0,1.00,,
151457,AS151457-35 - Future Internet Technology Infrastructure (FITI),0,1.00,,
151458,AS151458-36 - Future Internet Technology Infrastructure (FITI),0,1.00,,
151459,AS151459-37 - Future Internet Technology Infrastructure (FITI),0,1.00,,
151460,AS151460-38 - Future Internet Technology Infrastructure (FITI),0,1.00,,
151461,AS151461-39 - Future Internet Technology Infrastructure (FITI),0,1.00,,
151462,AS151462-40 - Future Internet Technology Infrastructure (FITI),0,1.00,,
151814,GUOCHUANGXINXINGBEIJINGTECHNOLOGYCOLTD-AS-CN Guo Chuang Xin Xing Beijing Technology Co Ltd,0,1.00,BJ,
152118,DARK495-AS-AP Shenzhen Mengsi Computer System Co Ltd,0,1.00,GD,
152134,ZORO-AS-AP Zoro Limited,0,1.00,,
152631,XYHELPER-AS-AP Xyhelper Inc,0,1.00,,
152921,YUDONG-AS-AP Yu Dong,0,1.00,,
153330,CLOSEAI-AS-AP Northern Lights Technologies LLC,0,1.00,,
153332,FREEGPTS-AS-US InnoCloud Services LLC,0,1.00,,
153458,HARUZAKURA-AS-AP Haruzakura Cloud,0,1.00,,
154155,"SUZHOUYESONG-AS-AP Suzhou Yesong Information Technology Co., Ltd",0,1.00,,
197433,PART0CLOUD-NET Part0 Network,0,1.00,,
199832,AS-KURAL-RESEARCH,0,1.00,,
200021,PTH-AS,0,1.00,,
200103,ZHU-AS,0,1.00,,
200256,CAO-AS,0,1.00,,
200720,YICHENSHI,0,1.00,,
203643,G0L4NET,0,1.00,,
203664,LANXING-AS,0,1.00,,
204856,ABJUST-NET,0,1.00,,
205369,IYOROY-NETWORK,0,1.00,,
205618,ORZFLY,0,1.00,,
205779,YTH-AS,0,1.00,,
207091,JHNETWORK-AS,0,1.00,,
207292,YuYan Network Service,0,1.00,,
208698,HTROY,0,1.00,,
208872,JINGMI,0,1.00,,
208993,MMRNET Mizar Magic and Reserach Network,0,1.00,,
209484,YUNISKYDATACENTER,0,1.00,,
209586,SUNYOU-AS,0,1.00,,
210426,LIANGZHU-NETWORK,0,1.00,,
211051,YEAPCLOUD-NETWORK,0,1.00,,
211158,BG4CZU-AS,0,1.00,,
211968,CHENRAN-AS,0,1.00,,
211992,WEI,0,1.00,,
214613,EASTON-AS,0,1.00,,
214843,YAKA-AS,0,1.00,,
215265,HUXIAOYOU,0,1.00,,
215315,LUOLIZI,0,1.00,,
215507,AS-MIANTIAO-LAB,0,1.00,,
215848,LOLITA-AS,0,1.00,,
215969,TANZ,0,1.00,,
216373,XIN-XU,0,1.00,,
9394,CTTNET China TieTong Telecommunications Corporation,2663168,0.00,,
137266,CHINATELECOM-HUBEI-WUHAN-5G-NETWORK CHINATELECOM Hubei province Wuhan 5G network,1273344,0.00,HB,
24138,CTTNET China TieTong Telecommunications Corporation,558080,0.00,,
58461,"CT-HANGZHOU-IDC No.288,Fu-chun Road",359424,0.00,ZJ,
9308,CHINA-ABITCOOL AbitcoolChina Inc.,307968,0.00,,
18118,"CITICNET-CN CITIC Networks Management Co.,Ltd.",188160,0.00,,
141739,CT-CHONGQING-MAN2-AP China Telecom,125952,0.00,CQ,
9811,DRCSCNET Development & Research Center of State Council Net.,123648,0.00,,
38341,"HCENET HEXIE Information technology Co., Ltd.",109824,0.00,,
140527,CHINANET-ANHUI-WUHU-IDC China Telecom,98560,0.00,AH,
9306,"CIETNET RongHua Road No.11, Beijing Economy Technology Development Area, 100176",98304,0.00,BJ,
9814,"FIBRLINK Beijing FibrLINK Networks Co.,Ltd.",75520,0.00,BJ,
17969,CNT ChongQing Broadcast & TV Transfer Network Co. Ltd,75520,0.00,CQ,
59037,"RUILITECHNOLOGY Zhejiang Ruili Information Technology Co., Ltd",69632,0.00,ZJ,
24143,CNNIC-QCN-AP Qingdao Cable TV Network Center,68608,0.00,SD,
56019,"SHUJUJIA Beijing ShuJuJia Technology Co., Ltd.",67584,0.00,BJ,
56005,"FASTIDC Zhengzhou Fastidc Technology Co.,Ltd.",66560,0.00,HA,
137688,CHINATELECOM-LIAONING-BENXI-MAN CHINATELECOM Liaoning Benxi MAN,66048,0.00,LN,
24137,"HNPCNET KuanggongLu, Pingdingshan, Henan, China",65536,0.00,HA,
37937,EGOVNET China eGovNet Information Center,65536,0.00,,
45075,CRI China Central Television,65536,0.00,,
45083,"HXDNET Beijing haixunda Communication Co., Ltd",65536,0.00,BJ,
45113,"DTCOAL Shanxi Datong Coal Group Communication Co., Ltd",65536,0.00,SX,
17789,CNCGROUP-SH-IDC CNCGROUP IP network of ShangHai IDC,65280,0.00,SH,
9939,"DYXNET-CN DYXNET of Shenzhen Communication Co., Ltd.",57344,0.00,GD,
141998,CHINANET-LANZHOU-IDC China Telecom,54784,0.00,GS,
58851,"YOUWE Priority of FashionBeijingInformation Technology Co.,Ltd",45824,0.00,BJ,
146817,"FXNET Hubei Feixun Network Co., Ltd",45312,0.00,HB,
134765,CHINANET-YUNNAN-IDC1 CHINANET Yunnan province IDC1 network,41472,0.00,YN,
17964,"DXTNET Beijing Dian-Xin-Tong Network Technologies Co., Ltd.",38144,0.00,BJ,
134766,CHINANET-YUNNAN-IDC2 CHINANET Yunnan province IDC2 network,37376,0.00,YN,
134761,CHINANET-NINGXIA-ZHONGWEI-IDC CHINANET NINGXIA province ZHONGWEI IDC network,36352,0.00,NX,
38027,"MOST-AS-AP Information Center, Ministry of Sci and Tech",35840,0.00,,
63648,"XJKJ Beijing Xiaoju Science and Technology Co., Ltd.",33024,0.00,BJ,
131486,"JDCOM Beijing Jingdong 360 Degree E-commerce Co., Ltd.",32512,0.00,BJ,
148981,CHINANET-HUBEI-SHIYAN-IDC China Telecom,25856,0.00,HB,
139587,CHINANET-HENAN-ZHENGZHOU-SHUJUGANG-IDC China Telecom Henan Zhengzhou Shujugang IDC network,25600,0.00,HA,
56282,"VCLOUD Beijing Internet Harbor Technology Co., Ltd",24832,0.00,BJ,
45058,"XMGBNET Golden-Bridge Netcom communication Co.,LTD.",23296,0.00,,
134425,CHINANET-HEFEI-QIMENLU-IDC China Telecom,19456,0.00,AH,
151229,SAUNET Shenyang Aerospace University,16896,0.00,LN,
23842,SZINC-AS-AP Shenzhen Information and Network Center,16384,0.00,GD,
59077,UCLOUD-NET Shanghai UCloud Information Technology Company Limited,16384,0.00,SH,
24430,"CHINAPOST Jia No.8, North Lishi Road, Xicheng Dist.Beijing, China",14336,0.00,BJ,
9809,"NOVANETWORK SHENZHEN NOVA TECHNOLOGIES DEVELOPMENT.,LTD.",12800,0.00,GD,
55999,CNLINKNET CNLink Network Technology Ltd.,12288,0.00,,
131565,IMBTVN INNER MONGOLIA BROADCAST&TV NETWORK GROUP CORPORATION,10240,0.00,NM,
147038,CHINANET-QINGYANG-IDC China Telecom,10240,0.00,,
137687,"CHINATELECOM-HENAN-LUOYANG-IDC Luoyang, Henan Province, P.R.China.",9728,0.00,HA,
58026,JIUFUNETWORK,9216,0.00,,
55991,ERX-NASDA-ASN - ERX-NASDA-ASN,8960,0.00,,
17739,"HAPLINK-CN-AP Shanghai Telecom Haplink Network Co., Ltd",8192,0.00,SH,
139180,"SDYXT Shandong eshinton Network Technology Co., Ltd.",8192,0.00,SD,
146813,SUIJI Shanghai Suiji Networks Tech. Co. Ltd.,7680,0.00,SH,
151263,"JZKJ-NET Juzhi technology co., ltd",7680,0.00,,
63631,"CLOUDBASE Guangdong Cloudbase Technology Co., Ltd.",6912,0.00,GD,
18242,"CDIH Chengdu Information Harbor Co., Ltd",6144,0.00,SC,
59009,WXDATA QingDao WangXin Telcom Corp. Limited,6144,0.00,SD,
38378,RBCN-NET Bosch China Investment Ltd.,5632,0.00,,
151300,AS151300-85 - China Internet Network Information Center,5376,0.00,,
9810,"TNSNET Beijing Times Netstar Technology Co.,Ltd",5120,0.00,BJ,
24427,FREENET Freecomm Corporation,5120,0.00,,
4611,XINHUANET CNNIC member,4864,0.00,,
59067,"MMAISNET Microsoft Mobile Alliance Internet Services Co., Ltd",4608,0.00,,
45086,YOVOLE Shanghai Yovole Networks Inc.,4352,0.00,SH,
55996,CYPRESSTEL CYPRESS TELECOM CHINA LIMITED,4352,0.00,,
7640,CITICNET China International Trust & Investment Corporation Management Information Center,4096,0.00,,
17781,XHNEWS XINHUA NEWS AGENCY,4096,0.00,,
37970,"HIGHWAYNET Floor 9,Hua Sheng Building No.1 Lane 519 Ao Men Road,Shanghai",4096,0.00,SH,
56012,LGNET-CHINA LGNET China,4096,0.00,,
56013,SDSC SAMSUNG SDS CHINA,4096,0.00,,
131511,URPLUSNET URPLUS,4096,0.00,,
131536,"SHGWBNNET Shanghai Great Wall Broadband Network Service Co., Ltd.",4096,0.00,SH,
134421,CHINATELECOM-YUNNAN-YUEME-CDN Yunnan Telecom,4096,0.00,YN,
139099,GEELY Zhejiang Geely Holding Group,4096,0.00,ZJ,
140903,CHINANET-HEBEI-BAODING-MAN CHINA TELECOM,4096,0.00,HE,
59045,"SUNHONGS Guangzhou navigation information technology co., LTD",3840,0.00,GD,
38358,"ICCAST 3 Fuxing Road, Beijing, China",3584,0.00,BJ,
63567,"PGYIDC Suqian Pugongying Network Service Co.,Ltd",3584,0.00,,
133952,ZLTL-AS-AP Zhengzhou longling technology ltd.,3456,0.00,HA,
24404,"CNISP-UNION CNISP-Union Technology Beijing Co., Ltd",3328,0.00,BJ,
59011,"YLWL Beijing Yunlin Network Technology Co.,Ltd.",3328,0.00,BJ,
45064,"ZSPNET BEIJING ZHONGGUANCUN SOFTWARE PARK DEVELOPMENT CO.,Ltd.",3072,0.00,BJ,
45101,"WALMART-CN 2-5F,Tower 2 and 1-12F,Tower 3,SZITIC Square",3072,0.00,,
59048,"CLOUDTIMES Bei Jing Cloud Times Technology Co.,Ltd",3072,0.00,,
55468,CRI China Radio International,2816,0.00,,
146842,CDC-SAP-DC-SHA ChinaDataCom Corporation Limited,2560,0.00,,
131522,YOVOLECLOUD Beijing Yovole Cloud Computing Technology Company Limited,2304,0.00,BJ,
138570,CT-ANQING-IDC China Telecom,2304,0.00,,
23852,"NGNNET 17FL, International Bank Center",2048,0.00,,
38375,GSGH GSGH security LLC,2048,0.00,,
38380,CNNIC-CSRNET-AP China South Locomotive And Rolling Stock Industry Company,2048,0.00,,
45074,GOVSTATS Data Management Centre National Bureau of Statistics of China,2048,0.00,,
45097,"BAOLIRONGTONG Poly facility Beijing Technology Co., Ltd.",2048,0.00,BJ,
58852,GZGD Guizhou provincial radio and television information Network Inc,2048,0.00,GZ,
59043,"LDNET Guangzhou LanDong Information technology co., LTD",2048,0.00,GD,
63561,"WESTONE China Electronics Technology Cyber Security Co.,LTD",2048,0.00,,
132437,CHINANET-HUAIBEI-IDC China Telecom,2048,0.00,,
134578,UFWDTL-AS-AP UNION FU WAH DIGITAL TECHNOLOGY LIMITED,2048,0.00,,
137788,BEACON Shanxi Beacon Cloudscape,2048,0.00,SX,
139769,GLNTC-AS-AP Guangzhou LinSeek Network Technology Co.Ltd,2048,0.00,GD,
151302,HJ-HIDDOS Hebei Sea Whale Technology Co. Ltd.,2048,0.00,HE,
63548,LENOVO-BEIJING LENOVO BEIJING Co.ltd,1792,0.00,BJ,
134417,CHINATELECOM-JIANGSU-NANJING-HEXI-IDC Nanjing,1792,0.00,JS,
9803,"JINGXUN Beijing Jingxun Public Information Technology Co., Ltd",1536,0.00,BJ,
59064,NCN The North United Cable Network.Inc,1536,0.00,,
63593,"OPPO Guangdong HeyTap Technology Co., Ltd.",1536,0.00,GD,
63603,GSS-NETWORKS GSS China,1536,0.00,,
135054,"CMNET-HAINAN-IDC China Mobile Group Hainan Co., Ltd.",1536,0.00,HI,
139118,"RUGUINFO Shanghai Rugu Info&Tech Co.,Ltd.",1536,0.00,SH,
139128,DRPBD Dr.Peng BigData co.LTD,1536,0.00,,
140484,CHINATELECOM-ZHEJIANG-SHENGJI-EPCCE-NETWORK CHINATELECOM ZHEJIANG province Shengji EPCCE network,1536,0.00,ZJ,
146841,GIANTDC Tianjin GiantDC Data Technology Co.Ltd,1536,0.00,TJ,
152711,"STSL-AS-AP Suike Information Technology SiChuan Co., Ltd",1536,0.00,SC,
18245,FOUNDERBN CNNIC,1280,0.00,,
58518,CHINATELECOM-CDMANETWORK-BG-GUANGZHOU China Telecom,1280,0.00,GD,
63617,MCKINSEY McKinsey & Consulting Company Inc. Shanghai,1280,0.00,SH,
136180,"IPIP-CN Beijing Tiantexin Tech. Co., Ltd.",1280,0.00,BJ,
151253,"SWRH Beijing Sanwang Fusion Technology Co., Ltd",1280,0.00,BJ,
216224,TIANJIN-TIANZHAN-TECHNOLOGY-CO-LTD,1280,0.00,TJ,
9802,CHINA-ABITCOOL AbitcoolChina Inc.,1024,0.00,,
45057,CTTSH CHINA TIETONG SHANGHAI,1024,0.00,SH,
45071,"LNSG-CN No.8 Xing Guang 5th Street, Opto-Mechatronics Industrial Park",1024,0.00,,
55786,MOBIUS-CN 1065-A Zhaojiabang Road,1024,0.00,,
55971,CASS-NET Chinese Academy of Social Sciences,1024,0.00,,
55982,"CHIT Changhong IT information Products CO.,LTD.",1024,0.00,,
55994,"RUISU-51IDC Shanghai ruisu Network Technology Co.,Ltd",1024,0.00,SH,
56000,"HERBALIFE-CNDC HERBALIFESHANGHAIMANAGEMENT CO.,LTD.",1024,0.00,SH,
58862,"MCCL-CHN Microsoft China Co., Ltd.",1024,0.00,,
59049,"WALMART-CN Wal-mart China Investment Co., Ltd.",1024,0.00,,
59089,CLOUDVSP NO.18 Building University of Technology,1024,0.00,,
63634,"CPCN China Payment & Clearing Network Co., Ltd.",1024,0.00,,
131497,"VGC-BEIJING Volkswagen China Investment Co., LTD",1024,0.00,BJ,
131519,HISENSE Hisense,1024,0.00,,
131567,"DOUBLENET Fnetlink International Co., Ltd.",1024,0.00,,
131578,BFSUNET Beijing Foreign Studies University,1024,0.00,BJ,
133219,NEWMEDIAEXPRESSCHINA-AS-AP NewMedia Express Pte Ltd,1024,0.00,,
137571,PESYUN-AS-AP arebz.com,1024,0.00,,
137731,GSXZHL Gansu Xingzhao Interconnection Electronic Technology Co.Ltd.,1024,0.00,GS,
137745,AS137745-216 -,1024,0.00,,
137785,"CACLOUD CACloud Services Shanghai Co., Ltd.",1024,0.00,SH,
137787,NEWCAMPUS4-LENOVO Beijing Jingdong Shangke Information Technology Co. Ltd.,1024,0.00,BJ,
137801,"AIPO-CN AIPO Cloud Guizhou Technology Co., Ltd.",1024,0.00,GZ,
137806,WALMART-GS WMGS Consulting Shenzhen Co.Ltd,1024,0.00,GD,
139177,EDU New Oriental Education & Technology Group Ltd.,1024,0.00,,
146806,"CLOUD-UNICOM-NET Beijing Yunlian Interactive Technology Co., Ltd.",1024,0.00,BJ,
151296,JIEIIS Changzhou Jieyun Network Technology Co. Ltd.,1024,0.00,ZJ,
24141,"DMTNET Shanghai DMT Information Network cor.,LTD.",768,0.00,SH,
58517,CHINATELECOM-CDMANETWORK-BG-BEIJING China Telecom,768,0.00,BJ,
58850,BBGINETCN Bloomberg Financial Information Beijing Co Ltd,768,0.00,BJ,
131524,"SHPJNET Shanghai pujv Communication Technology co., Ltd.",768,0.00,SH,
137746,AS137746-217 -,768,0.00,,
137764,YOUKAI Beijing Youkai Technology Co.Ltd,768,0.00,BJ,
139110,NEWCAMPUS1-LENOVO Lenovo Mobile Communication Technology Beijing Ltd,768,0.00,BJ,
151232,"SCRUISU Sichuan Ruisu Technology Co., LTD",768,0.00,SC,
210634,YESONGIT,768,0.00,,
212371,HUIGU-AS,768,0.00,,
9805,ENS-PEK SIEMENS LTD. CHINA,512,0.00,,
23840,"TEDA-NET TEDA Cable Television Network Co.,Ltd",512,0.00,,
23841,"TJBTN 6F, No.3 Huatian Road, New Technology Industry Area",512,0.00,,
24413,SHANGHAI263 263 Shanghai Communications Ltd.,512,0.00,SH,
38057,"DELLCHINA Dell China Co.,Ltd",512,0.00,,
38564,NVIDIA-ASIA-IN-GW-AP NVIDIA Asia Internet Gateway,512,0.00,,
38834,NVIDIA-BANGALORE-AP NVIDIA-BANGALORE,512,0.00,,
55956,"MAGNA-ASIAPACIFIC Magna Automotive Technology and ServiceShanghaiCo.,Ltd",512,0.00,SH,
63580,"NOVARTIS-CN China Novartis Institutes for Bio-Medical Research Co., Ltd.",512,0.00,,
63633,"HOTWON GUANGZHOU HOTWON COMPUTER TECHNOLOGY CO.,LTD.",512,0.00,GD,
131482,"ARONNET Hangzhou Aron Teconology Co.,Ltd.",512,0.00,ZJ,
131495,"NINE-CLOUD Beijing nine cloud infinite network technology co., LTD",512,0.00,BJ,
131558,"WALMART-CN Wal-mart China Investment Co., Ltd.",512,0.00,,
135432,VISA-AS-AP Visa Information Technology Beijing Co. Ltd.,512,0.00,BJ,
136250,ZQHWL-AS-AP ZhongShanShi QiYi HuDong WangLuoKeJi Ltd,512,0.00,,
136766,"RBX-AS-AP ROBLOX SHENZHEN DIGITAL SCIENCE AND TECHNOLOGY CO., LTD",512,0.00,GD,
137710,"WANGSHENXINXI Net God Information Technology Beijing Co., Ltd.",512,0.00,BJ,
137719,"CERWD Qingdao Weidong Big Data Technology Co., Ltd",512,0.00,SD,
137755,QHGDNET China Radio and Television Qinghai Network Co. Ltd,512,0.00,QH,
137759,"MTSCHINANET MTS SYSTEM China Co.,Ltd",512,0.00,,
138457,CAICT-AS-AP China Academy of Information and Communications Technology,512,0.00,,
138545,"ZCCCCL-AS-AP Zero Cirrus Cloud Computing Shanghai Co., Ltd.",512,0.00,SH,
139184,"SWIFTCALL Beijing Swiftcall Science Technologies,Ltd",512,0.00,BJ,
139266,"GTITCL-AS-AP Guangzhou Tiansui Information Technology Co., Ltd.",512,0.00,GD,
139874,"WCNTCL-AS-AP Wuan Chihong Network Technology Co., Ltd.",512,0.00,,
140633,BILIBILIHKLIMITED-AS-AP BILIBILI HK LIMITED,512,0.00,,
146746,"TAIKANG-INSURANCE-WUHAN TaiKang Insurance Group CO.,LTD.,Wuhan Operating Center",512,0.00,HB,
146758,"SENSETIME ShangHai Sensetime Technology Development Co., Ltd.",512,0.00,SH,
146802,"CBN-YN China Broadcasting Network Yunnan Co.,Ltd",512,0.00,YN,
146810,HPE-SDWAN-SHC Shanghai Hewlett-Packard Co. Ltd. Dalian Branch,512,0.00,LN;SH,
146814,"HKUST-GZ Hong Kong University of Science and Technology, Dongchung Town",512,0.00,,
149304,"SQNTCL-AS-AP Shenzhen Qiyi Network Technology Co., Ltd.",512,0.00,GD,
151247,HSDC-CN HSBC Software Development Guangdong Limited Shanghai Branch,512,0.00,SH;GD,
151277,"CBINET China Broadcast Network International Co.,Ltd",512,0.00,,
152092,HACCTCL-AS-AP Henan Angran Cloud Computing Technology Co. Ltd,512,0.00,HA,
7609,MSMSL-AS-AP Morgan Stanley Management Service Shanghai Limited,256,0.00,SH,
7653,MSMSL-AS-AP Morgan Stanley Management Service Shanghai Limited,256,0.00,SH,
10981,EDUSOL,256,0.00,,
17442,CHINANETCENTER-AP Internet Service Provider in China,256,0.00,,
17776,CHINAENTERCOM China Enterprise ICT Solutions Limited,256,0.00,,
23851,"CNNIC-CQCNC-AP CHONGQING CNC BROADBAND NETWORKS CO.,LTD",256,0.00,CQ,
24415,CNNIC-JXBTIN-AP Jiangxi Broadcasting and TV information Network,256,0.00,JX,
51928,DWX-NET,256,0.00,,
59034,"WISHNET BeiJing Wish Network Technology CO.,LTD.",256,0.00,BJ,
63571,"GWLINK Shenzhen cyberlink Century Investment Co., Ltd.",256,0.00,GD,
131541,ERX-NASDA-ASN - ERX-NASDA-ASN,256,0.00,,
133194,CHTLC-AS Connections Hub Technology Shanghai Ltd. Company,256,0.00,SH,
134169,"CERNEWTECHRES-AS-CN CERNEWTECH Beijing co.,LTD",256,0.00,BJ,
137795,"SULIAN-IDC002 Hangzhou Sulian Information Technology Co.,ltd",256,0.00,ZJ,
139018,CHINANET-HENAN-LUOYANG-IDC Henan Luoyang IDC,256,0.00,HA,
139122,BMAC BEIJING MUNICIPAL ADMINISTRATION COMMUNICATION CARD CO..LTD,256,0.00,BJ,
139183,TRLCNET Thomson Reuters Beijing Technology Development Co. Ltd,256,0.00,BJ,
139743,"SHENZHENSHIFANGTEC-AS-CN Shen Zhen Shi Fang Technology Co., Limited",256,0.00,GD,
139799,"BDIITCL-AS-AP Beijing Dajia Internet Information Technology Co., Ltd.",256,0.00,BJ,
146822,CHINANET-XINFU Shenzhenshi Zhongyun Shujujishu Youxiangongsi,256,0.00,GD;SN,
147008,DIANJIANG-AS-AP Shenzhen Dianjiang Technology Co Ltd,256,0.00,GD,
148982,BQIT-AS-AP Bijie Qiulin Information Technology,256,0.00,,
149464,CHINANET-GANSU-JIAYUGUAN-5G-MAN-NETWORK CHINATELECOM Gansu province Jiayuguan 5G MAN network,256,0.00,GS,
149511,"YNCL-AS-AP Yamu Technologies Co., Ltd.",256,0.00,,
151231,GC-INFOTECH GOOGLE CHINA INFOTECH OU,256,0.00,,
151245,AS151245-30 - China Internet Network Information Center,256,0.00,,
151257,CITICORP-CHINA Citigroup Services and Technology China Limited,256,0.00,,
151284,AS151284-69 - China Internet Network Information Center,256,0.00,,
198588,TUNGSTEN,256,0.00,,
211265,MYNETWORK-AS,256,0.00,,
213625,CXLNET,256,0.00,,
219324,GUOLIN-AS - LI GUOLIN,256,0.00,,
